zipcode,latitude,longitude,city,state,population,density
73960,36.49167,-101.79265,Texhoma,TX,33.0,21.0
75001,32.96015,-96.83808,Addison,TX,16287.0,1675.8
75002,33.08946,-96.60639,Allen,TX,71102.0,730.5
75006,32.96165,-96.89717,Carrollton,TX,48104.0,1087.9
75007,33.00498,-96.8959,Carrollton,TX,54448.0,1765.6
75009,33.3384,-96.75185,Celina,TX,24737.0,96.8
75010,33.03058,-96.90148,Carrollton,TX,30129.0,1707.6
75013,33.11463,-96.69413,Allen,TX,44807.0,1150.0
75019,32.96183,-96.984,Coppell,TX,44324.0,995.8
75020,33.77264,-96.60391,Denison,TX,23184.0,146.7
75021,33.72686,-96.47552,Denison,TX,9327.0,61.7
75022,33.02554,-97.11871,Flower Mound,TX,26543.0,524.3
75023,33.05657,-96.73286,Plano,TX,48586.0,2039.3
75024,33.07712,-96.80826,Plano,TX,43331.0,1291.6
75025,33.09057,-96.74061,Plano,TX,52881.0,2137.1
75028,33.03382,-97.0629,Flower Mound,TX,46934.0,1164.7
75032,32.85756,-96.42858,Rockwall,TX,35056.0,281.3
75033,33.18471,-96.84404,Frisco,TX,44703.0,787.3
75034,33.12084,-96.83778,Frisco,TX,45759.0,1108.1
75035,33.15814,-96.7734,Frisco,TX,81512.0,1263.9
75036,33.13339,-96.91453,Frisco,TX,30925.0,1101.6
75038,32.87231,-96.97946,Irving,TX,32128.0,1624.0
75039,32.88592,-96.94042,Irving,TX,22046.0,1497.6
75040,32.92797,-96.62006,Garland,TX,64565.0,1588.1
75041,32.88101,-96.65149,Garland,TX,31451.0,1532.5
75042,32.91401,-96.67466,Garland,TX,38184.0,1931.7
75043,32.8571,-96.57986,Garland,TX,64845.0,1707.0
75044,32.96299,-96.6531,Garland,TX,45895.0,1678.6
75048,32.9704,-96.58139,Sachse,TX,26956.0,1069.5
75050,32.77428,-97.0037,Grand Prairie,TX,43422.0,649.1
75051,32.72635,-96.99375,Grand Prairie,TX,39783.0,1216.6
75052,32.66455,-97.02809,Grand Prairie,TX,95745.0,1397.9
75054,32.60036,-97.03409,Grand Prairie,TX,15820.0,1032.3
75056,33.07541,-96.90978,The Colony,TX,64243.0,1049.7
75057,33.05012,-96.9772,Lewisville,TX,16855.0,488.4
75058,33.4473,-96.73546,Gunter,TX,3369.0,24.2
75060,32.79774,-96.95295,Irving,TX,49473.0,1580.4
75061,32.82607,-96.96563,Irving,TX,56959.0,1893.9
75062,32.847,-96.95813,Irving,TX,51846.0,1890.0
75063,32.90797,-96.9961,Irving,TX,43705.0,834.2
75065,33.11108,-97.01277,Lake Dallas,TX,12549.0,585.9
75067,33.01416,-97.00268,Lewisville,TX,67837.0,1941.5
75068,33.17713,-96.95228,Little Elm,TX,65880.0,912.8
75069,33.16805,-96.59671,Mckinney,TX,37479.0,429.7
75070,33.15587,-96.69742,Mckinney,TX,54444.0,1863.1
75071,33.24558,-96.62951,Mckinney,TX,63828.0,332.4
75072,33.1875,-96.70099,Mckinney,TX,54446.0,1743.3
75074,33.03298,-96.67304,Plano,TX,51820.0,1252.6
75075,33.02163,-96.74043,Plano,TX,36221.0,1441.7
75076,33.79608,-96.71913,Pottsboro,TX,8592.0,65.9
75077,33.07921,-97.06401,Lewisville,TX,39125.0,1071.7
75078,33.24526,-96.80791,Prosper,TX,35939.0,439.5
75080,32.97382,-96.7416,Richardson,TX,52420.0,1789.2
75081,32.94969,-96.70899,Richardson,TX,36683.0,1571.4
75082,32.99208,-96.66536,Richardson,TX,26801.0,1262.1
75087,32.94581,-96.44136,Rockwall,TX,39202.0,514.0
75088,32.89368,-96.53929,Rowlett,TX,26363.0,1097.3
75089,32.93195,-96.54435,Rowlett,TX,35203.0,1123.1
75090,33.6054,-96.54657,Sherman,TX,24866.0,122.2
75092,33.64869,-96.70011,Sherman,TX,26794.0,90.8
75093,33.03521,-96.80943,Plano,TX,46868.0,1267.0
75094,33.01871,-96.61481,Plano,TX,23345.0,1257.6
75098,33.01432,-96.53531,Wylie,TX,64326.0,775.9
75101,32.27003,-96.70239,Bardwell,TX,679.0,317.2
75102,32.08274,-96.63999,Barry,TX,1795.0,10.0
75103,32.51201,-95.88363,Canton,TX,15900.0,31.2
75104,32.58295,-96.96712,Cedar Hill,TX,49566.0,518.6
75105,32.26717,-96.36682,Chatfield,TX,207.0,2.0
75109,32.04246,-96.35622,Corsicana,TX,4288.0,13.8
75110,32.08071,-96.52344,Corsicana,TX,30555.0,85.8
75114,32.60769,-96.44322,Crandall,TX,6438.0,57.8
75115,32.59831,-96.86433,Desoto,TX,55879.0,1025.0
75116,32.66013,-96.91402,Duncanville,TX,21105.0,1597.2
75117,32.71005,-95.85268,Edgewood,TX,4753.0,37.1
75119,32.32293,-96.59107,Ennis,TX,28765.0,42.0
75124,32.32579,-95.96932,Eustace,TX,5205.0,22.5
75125,32.52983,-96.61563,Ferris,TX,7198.0,36.9
75126,32.74361,-96.45289,Forney,TX,60232.0,284.9
75127,32.6926,-95.79262,Fruitvale,TX,1854.0,26.8
75132,32.93865,-96.38046,Fate,TX,0.0,0.0
75134,32.62308,-96.78007,Lancaster,TX,19341.0,704.6
75135,33.06666,-96.22567,Caddo Mills,TX,8075.0,47.4
75137,32.63421,-96.91224,Duncanville,TX,19352.0,1244.1
75140,32.64485,-95.68854,Grand Saline,TX,7365.0,24.5
75141,32.63984,-96.69257,Hutchins,TX,3868.0,127.8
75142,32.57004,-96.24637,Kaufman,TX,22870.0,48.7
75143,32.36334,-96.24929,Kemp,TX,15270.0,32.4
75144,32.11157,-96.20954,Kerens,TX,4030.0,9.0
75146,32.57608,-96.75137,Lancaster,TX,24873.0,276.8
75147,32.42256,-96.06517,Mabank,TX,6922.0,31.0
75148,32.12491,-96.01173,Malakoff,TX,6237.0,27.1
75149,32.76994,-96.6151,Mesquite,TX,59225.0,1427.0
75150,32.81545,-96.6308,Mesquite,TX,64817.0,1992.5
75152,32.43598,-96.67444,Palmer,TX,5686.0,53.4
75153,32.17149,-96.35331,Powell,TX,515.0,8.1
75154,32.52319,-96.80885,Red Oak,TX,47111.0,380.4
75155,32.2232,-96.46906,Rice,TX,3167.0,29.6
75156,32.28759,-96.09999,Mabank,TX,16500.0,198.6
75157,32.46168,-96.44914,Rosser,TX,209.0,60.0
75158,32.46694,-96.39315,Scurry,TX,5496.0,24.6
75159,32.60652,-96.53939,Seagoville,TX,22514.0,146.6
75160,32.76466,-96.29835,Terrell,TX,24465.0,79.9
75161,32.73609,-96.17129,Terrell,TX,8040.0,27.6
75163,32.1672,-96.10999,Trinidad,TX,2450.0,27.9
75164,33.06963,-96.3041,Josephine,TX,281.0,108.8
75165,32.36687,-96.79677,Waxahachie,TX,47183.0,154.4
75166,33.01671,-96.4495,Lavon,TX,5589.0,166.9
75167,32.36123,-96.91547,Waxahachie,TX,12332.0,49.7
75169,32.70335,-95.99754,Wills Point,TX,14496.0,26.1
75172,32.60369,-96.67458,Wilmer,TX,5248.0,179.2
75173,33.05986,-96.38673,Nevada,TX,8298.0,98.0
75180,32.71937,-96.61841,Balch Springs,TX,26560.0,1319.0
75181,32.72696,-96.555,Mesquite,TX,27336.0,609.0
75182,32.80033,-96.55425,Sunnyvale,TX,7647.0,166.1
75189,32.94821,-96.30941,Royse City,TX,35243.0,123.9
75201,32.78826,-96.79953,Dallas,TX,17491.0,4907.2
75202,32.77843,-96.8037,Dallas,TX,2212.0,1277.7
75203,32.74439,-96.80206,Dallas,TX,16455.0,1326.7
75204,32.80216,-96.78885,Dallas,TX,31860.0,4806.7
75205,32.83657,-96.79617,Dallas,TX,24804.0,2191.5
75206,32.83161,-96.77032,Dallas,TX,38209.0,3483.4
75207,32.78693,-96.82181,Dallas,TX,8163.0,816.7
75208,32.75409,-96.83943,Dallas,TX,29941.0,1889.3
75209,32.8487,-96.8257,Dallas,TX,14205.0,1567.0
75210,32.77141,-96.74618,Dallas,TX,9270.0,1566.1
75211,32.73649,-96.90214,Dallas,TX,75213.0,1689.5
75212,32.78203,-96.87853,Dallas,TX,26673.0,1032.9
75214,32.82899,-96.74348,Dallas,TX,33621.0,1776.6
75215,32.75259,-96.76075,Dallas,TX,17960.0,906.0
75216,32.71158,-96.78256,Dallas,TX,55108.0,1434.1
75217,32.71291,-96.68243,Dallas,TX,87767.0,1220.8
75218,32.84136,-96.70357,Dallas,TX,21355.0,1195.2
75219,32.81087,-96.81315,Dallas,TX,24100.0,4064.8
75220,32.86692,-96.87571,Dallas,TX,40671.0,1388.0
75223,32.79255,-96.74556,Dallas,TX,14270.0,1777.6
75224,32.71117,-96.83953,Dallas,TX,36373.0,2446.4
75225,32.86511,-96.79109,Dallas,TX,21703.0,1795.8
75226,32.78315,-96.77654,Dallas,TX,5133.0,1839.4
75227,32.77044,-96.68831,Dallas,TX,58395.0,1950.4
75228,32.82456,-96.6805,Dallas,TX,71450.0,2411.7
75229,32.8939,-96.86517,Dallas,TX,32924.0,1021.4
75230,32.90202,-96.79226,Dallas,TX,26335.0,1425.0
75231,32.87695,-96.74967,Dallas,TX,38823.0,2718.8
75232,32.65878,-96.83968,Dallas,TX,33561.0,1468.3
75233,32.70444,-96.87271,Dallas,TX,16743.0,1810.7
75234,32.92423,-96.88904,Dallas,TX,32728.0,1233.0
75235,32.83219,-96.84798,Dallas,TX,19042.0,1104.2
75236,32.6866,-96.93455,Dallas,TX,17545.0,507.5
75237,32.66489,-96.87238,Dallas,TX,18823.0,1090.3
75238,32.87855,-96.70785,Dallas,TX,31953.0,1874.4
75240,32.93194,-96.78924,Dallas,TX,26442.0,2701.9
75241,32.667,-96.75903,Dallas,TX,31749.0,485.2
75243,32.91232,-96.73633,Dallas,TX,65118.0,2730.0
75244,32.92544,-96.83671,Dallas,TX,12806.0,1070.2
75246,32.79296,-96.77322,Dallas,TX,2307.0,1910.2
75247,32.81417,-96.87803,Dallas,TX,870.0,50.7
75248,32.96957,-96.79542,Dallas,TX,36317.0,1888.7
75249,32.6449,-96.96257,Dallas,TX,17629.0,1239.0
75251,32.91984,-96.77308,Dallas,TX,3804.0,2470.7
75252,32.99696,-96.78983,Dallas,TX,27310.0,2054.9
75253,32.67278,-96.61171,Dallas,TX,24090.0,622.5
75254,32.94571,-96.80127,Dallas,TX,24047.0,2861.3
75261,32.88568,-97.05419,Dallas,TX,0.0,0.0
75270,32.78126,-96.80192,Dallas,TX,0.0,0.0
75287,33.00015,-96.84075,Dallas,TX,51855.0,3615.6
75390,32.814,-96.84283,Dallas,TX,0.0,0.0
75401,33.18506,-96.11556,Greenville,TX,21087.0,75.3
75402,33.06724,-96.08576,Greenville,TX,18412.0,78.3
75407,33.1512,-96.48808,Princeton,TX,24864.0,192.2
75409,33.35223,-96.52808,Anna,TX,20437.0,100.8
75410,32.7921,-95.63705,Alba,TX,4470.0,20.1
75411,33.86275,-95.63955,Arthur City,TX,832.0,4.0
75412,33.80295,-95.14232,Bagwell,TX,562.0,1.7
75413,33.43596,-96.16477,Bailey,TX,188.0,287.4
75414,33.62504,-96.43193,Bells,TX,2989.0,23.3
75415,33.4645,-95.74603,Ben Franklin,TX,317.0,6.7
75416,33.67255,-95.35431,Blossom,TX,2890.0,14.6
75417,33.43827,-95.13114,Bogata,TX,2479.0,5.9
75418,33.57235,-96.1773,Bonham,TX,14726.0,40.4
75420,33.05782,-95.72503,Brashear,TX,1384.0,15.2
75421,33.6448,-95.71809,Brookston,TX,851.0,6.1
75422,33.13889,-95.93059,Campbell,TX,2862.0,16.3
75423,33.29279,-96.19918,Celeste,TX,3055.0,14.6
75424,33.30535,-96.39059,Blue Ridge,TX,3679.0,22.3
75426,33.65608,-95.01093,Clarksville,TX,3774.0,4.5
75428,33.27132,-95.91799,Commerce,TX,11000.0,45.7
75429,33.27847,-95.89231,Commerce,TX,0.0,0.0
75431,33.0073,-95.4628,Como,TX,1745.0,10.5
75432,33.38912,-95.66804,Cooper,TX,3055.0,11.4
75433,33.10883,-95.80571,Cumby,TX,3145.0,12.4
75434,33.41258,-95.35171,Cunningham,TX,0.0,0.0
75435,33.50175,-95.29522,Deport,TX,1137.0,7.5
75436,33.73507,-95.24904,Detroit,TX,2155.0,4.5
75437,33.25605,-95.46567,Dike,TX,1094.0,7.0
75438,33.60701,-96.07462,Dodd City,TX,953.0,9.7
75439,33.55261,-96.27796,Ector,TX,1141.0,29.7
75440,32.87507,-95.75262,Emory,TX,6665.0,25.2
75441,33.4296,-95.65456,Enloe,TX,134.0,8.6
75442,33.17717,-96.35035,Farmersville,TX,10453.0,37.5
75446,33.61385,-95.89177,Honey Grove,TX,3536.0,7.6
75447,33.765,-96.11966,Ivanhoe,TX,1067.0,7.8
75448,33.31478,-95.79681,Klondike,TX,919.0,13.7
75449,33.423,-95.9493,Ladonia,TX,1165.0,5.8
75450,33.40465,-95.47481,Lake Creek,TX,309.0,2.1
75451,32.96247,-95.11835,Leesburg,TX,1475.0,14.5
75452,33.39284,-96.24469,Leonard,TX,4688.0,23.6
75453,33.00025,-95.92817,Lone Oak,TX,2757.0,13.6
75454,33.283,-96.56073,Melissa,TX,15341.0,276.8
75455,33.21725,-94.98022,Mount Pleasant,TX,26687.0,33.6
75457,33.1746,-95.21125,Mount Vernon,TX,6228.0,18.8
75459,33.52988,-96.6831,Howe,TX,5709.0,26.9
75460,33.6627,-95.60296,Paris,TX,24287.0,92.1
75462,33.62166,-95.48362,Paris,TX,11232.0,22.5
75468,33.51175,-95.40747,Pattonville,TX,1068.0,8.1
75469,33.41269,-95.8248,Pecan Gap,TX,346.0,3.7
75470,33.58341,-95.79836,Petty,TX,202.0,5.3
75471,33.04431,-95.38883,Pickton,TX,1932.0,14.9
75472,32.89177,-95.87239,Point,TX,4405.0,22.6
75473,33.81461,-95.48433,Powderly,TX,3773.0,21.1
75474,32.91709,-96.10611,Quinlan,TX,16394.0,60.1
75475,33.48593,-96.25757,Randolph,TX,31.0,26.5
75476,33.70793,-96.24342,Ravenna,TX,1072.0,8.2
75477,33.53118,-95.73429,Roxton,TX,1100.0,7.2
75478,33.17276,-95.35226,Saltillo,TX,825.0,5.6
75479,33.63007,-96.3386,Savoy,TX,2122.0,17.5
75480,33.02129,-95.19159,Scroggins,TX,1786.0,23.2
75481,33.31751,-95.37485,Sulphur Bluff,TX,401.0,2.2
75482,33.16929,-95.60946,Sulphur Springs,TX,25220.0,31.1
75486,33.75757,-95.74663,Sumner,TX,2442.0,8.6
75487,33.33584,-95.16567,Talco,TX,1534.0,6.0
75488,33.77628,-95.98899,Telephone,TX,798.0,2.6
75489,33.5204,-96.48467,Tom Bean,TX,939.0,150.7
75490,33.4363,-96.30771,Trenton,TX,2891.0,34.0
75491,33.49741,-96.39485,Whitewright,TX,4914.0,19.2
75492,33.59139,-96.0004,Windom,TX,341.0,2.7
75493,33.14073,-95.11316,Winfield,TX,720.0,70.5
75494,32.90898,-95.26126,Winnsboro,TX,10785.0,18.1
75495,33.43246,-96.55041,Van Alstyne,TX,9208.0,52.5
75496,33.36276,-96.06616,Wolfe City,TX,3578.0,11.8
75497,32.92098,-95.5764,Yantis,TX,3623.0,22.3
75501,33.37413,-94.13168,Texarkana,TX,35111.0,140.8
75503,33.51345,-94.13038,Texarkana,TX,27361.0,134.6
75550,33.49966,-94.88454,Annona,TX,876.0,3.7
75551,33.11648,-94.20325,Atlanta,TX,11040.0,26.4
75554,33.58534,-94.78563,Avery,TX,2078.0,5.5
75555,32.94564,-94.13696,Bivins,TX,1424.0,4.6
75556,33.1512,-94.06263,Bloomburg,TX,1162.0,18.9
75558,33.25017,-94.85564,Cookville,TX,1958.0,18.7
75559,33.49929,-94.63931,De Kalb,TX,5392.0,7.1
75560,33.1957,-94.36699,Douglassville,TX,1071.0,5.9
75561,33.517,-94.27855,Hooks,TX,4626.0,38.5
75562,32.93588,-94.25302,Kildare,TX,80.0,2.9
75563,33.01835,-94.38871,Linden,TX,3816.0,9.2
75564,32.88784,-94.24962,Lodi,TX,0.0,0.0
75565,32.95202,-94.07527,McLeod,TX,207.0,68.0
75566,33.15256,-94.49018,Marietta,TX,631.0,5.2
75567,33.31688,-94.31935,Maud,TX,4087.0,21.2
75568,33.19607,-94.59362,Naples,TX,2873.0,8.5
75569,33.44127,-94.12292,Nash,TX,3478.0,574.8
75570,33.4649,-94.4389,New Boston,TX,11162.0,32.4
75571,33.20704,-94.76407,Omaha,TX,2367.0,8.0
75572,33.23114,-94.12934,Queen City,TX,3474.0,18.1
75573,33.34214,-94.22454,Redwater,TX,218.0,12.2
75574,33.32892,-94.55229,Simms,TX,1157.0,4.4
75601,32.5086,-94.72414,Longview,TX,15683.0,663.8
75602,32.45803,-94.65712,Longview,TX,21024.0,156.5
75603,32.40448,-94.71754,Longview,TX,6733.0,49.0
75604,32.51374,-94.82919,Longview,TX,30349.0,265.5
75605,32.58385,-94.71554,Longview,TX,33730.0,162.2
75630,32.87588,-94.5572,Avinger,TX,2306.0,8.3
75631,32.25343,-94.44957,Beckville,TX,2696.0,8.8
75633,32.12788,-94.28109,Carthage,TX,12799.0,15.2
75638,33.01869,-94.73173,Daingerfield,TX,5001.0,22.6
75639,32.28441,-94.16897,De Berry,TX,2525.0,6.0
75640,32.7152,-94.68133,Diana,TX,5791.0,25.7
75641,32.3846,-94.5757,Easton,TX,88.0,20.2
75642,32.35818,-94.17821,Elysian Fields,TX,53.0,5.0
75643,32.01041,-94.35518,Gary,TX,2138.0,11.2
75644,32.79171,-94.99498,Gilmer,TX,12594.0,26.1
75645,32.68375,-94.87317,Gilmer,TX,10125.0,27.0
75647,32.5167,-94.96429,Gladewater,TX,12405.0,54.1
75650,32.51529,-94.55358,Hallsville,TX,9239.0,30.4
75651,32.67061,-94.53064,Harleton,TX,2101.0,14.7
75652,32.2301,-94.7281,Henderson,TX,14011.0,31.5
75654,32.08299,-94.82961,Henderson,TX,12945.0,25.3
75656,33.01471,-94.58686,Hughes Springs,TX,4768.0,18.5
75657,32.79437,-94.30498,Jefferson,TX,7366.0,8.2
75658,32.17545,-94.90362,Joinerville,TX,8.0,2.6
75659,32.50725,-94.09249,Jonesville,TX,0.0,0.0
75661,32.63908,-94.15655,Karnack,TX,2482.0,7.5
75662,32.38076,-94.87503,Kilgore,TX,25153.0,76.6
75667,31.988,-94.83729,Laneville,TX,1457.0,6.6
75668,32.90846,-94.68485,Lone Star,TX,2272.0,41.8
75669,32.03348,-94.55678,Long Branch,TX,1124.0,7.9
75670,32.56456,-94.42326,Marshall,TX,18855.0,57.0
75671,32.48907,-94.31494,Marshall,TX,0.0,0.0
75672,32.47076,-94.29353,Marshall,TX,16700.0,27.8
75680,32.01035,-94.71824,Minden,TX,0.0,0.0
75681,31.93597,-94.685,Mount Enterprise,TX,2563.0,7.4
75682,32.25152,-94.94713,New London,TX,667.0,126.3
75683,32.82182,-94.74035,Ore City,TX,3998.0,25.7
75684,32.27085,-94.93147,Overton,TX,7558.0,31.8
75686,32.96921,-94.94697,Pittsburg,TX,13396.0,22.3
75687,32.10575,-94.96352,Price,TX,0.0,0.0
75689,32.18196,-94.95771,Selman City,TX,213.0,66.8
75691,32.31108,-94.55725,Tatum,TX,4465.0,18.1
75692,32.4718,-94.11936,Waskom,TX,4698.0,18.3
75693,32.53364,-94.86083,White Oak,TX,6353.0,238.4
75694,32.6383,-94.34442,Woodlawn,TX,0.0,0.0
75701,32.32297,-95.29679,Tyler,TX,34296.0,941.3
75702,32.36403,-95.31207,Tyler,TX,28236.0,773.2
75703,32.23825,-95.31947,Tyler,TX,42414.0,297.4
75704,32.40616,-95.4407,Tyler,TX,9575.0,55.4
75705,32.35905,-95.10149,Tyler,TX,2722.0,40.9
75706,32.46822,-95.30402,Tyler,TX,10142.0,51.8
75707,32.30479,-95.171,Tyler,TX,14455.0,106.5
75708,32.41436,-95.20717,Tyler,TX,10419.0,71.2
75709,32.31323,-95.38904,Tyler,TX,4596.0,85.2
75711,32.33698,-95.28382,Tyler,TX,219.0,4690.1
75750,32.27222,-95.07124,Arp,TX,3644.0,28.8
75751,32.07875,-95.91661,Athens,TX,17098.0,36.6
75752,32.24239,-95.80751,Athens,TX,7450.0,19.1
75754,32.42431,-95.66462,Ben Wheeler,TX,7961.0,24.4
75755,32.63236,-95.08662,Big Sandy,TX,4576.0,17.4
75756,32.30031,-95.59771,Brownsboro,TX,4403.0,23.0
75757,32.11584,-95.34933,Bullard,TX,13699.0,61.4
75758,32.27375,-95.50484,Chandler,TX,9726.0,85.0
75759,32.03617,-95.41573,Cuney,TX,110.0,11.6
75760,31.80738,-94.85758,Cushing,TX,2481.0,7.2
75762,32.21926,-95.41218,Flint,TX,14609.0,126.1
75763,32.04154,-95.52231,Frankston,TX,6507.0,23.2
75764,31.89522,-95.14369,Gallatin,TX,208.0,62.3
75765,32.64119,-95.2359,Hawkins,TX,7705.0,28.7
75766,31.94592,-95.25181,Jacksonville,TX,25577.0,31.0
75770,32.14058,-95.64694,Larue,TX,2517.0,8.2
75771,32.53542,-95.43006,Lindale,TX,21260.0,56.2
75773,32.67969,-95.44654,Mineola,TX,13478.0,29.4
75778,32.30239,-95.71367,Murchison,TX,2443.0,17.9
75779,31.86434,-95.48486,Neches,TX,0.0,0.0
75780,31.98905,-95.09122,New Summerfield,TX,362.0,104.1
75782,32.0693,-95.58777,Poynor,TX,33.0,7.9
75783,32.82227,-95.42386,Quitman,TX,8316.0,26.8
75784,31.87344,-94.96234,Reklaw,TX,768.0,8.6
75785,31.76641,-95.17446,Rusk,TX,10813.0,14.4
75788,31.82252,-94.91617,Sacul,TX,28.0,7.7
75789,32.1126,-95.09405,Troup,TX,8919.0,18.7
75790,32.52749,-95.64255,Van,TX,3383.0,35.8
75791,32.22214,-95.22103,Whitehouse,TX,14093.0,138.1
75792,32.4679,-95.10623,Winona,TX,3134.0,15.1
75801,31.74004,-95.55116,Palestine,TX,15740.0,32.2
75803,31.87513,-95.66704,Palestine,TX,21941.0,26.0
75831,31.45745,-96.02275,Buffalo,TX,4981.0,7.7
75833,31.26304,-95.83999,Centerville,TX,2223.0,3.4
75835,31.29758,-95.48834,Crockett,TX,11597.0,9.5
75838,31.47956,-96.22844,Donie,TX,457.0,3.2
75839,31.6181,-95.55738,Elkhart,TX,6001.0,13.6
75840,31.78412,-96.08552,Fairfield,TX,6504.0,9.4
75844,31.51921,-95.43481,Grapeland,TX,4622.0,5.1
75845,31.09488,-95.08707,Groveton,TX,2105.0,2.6
75846,31.34683,-96.18118,Jewett,TX,2786.0,7.0
75847,31.35204,-95.13564,Kennard,TX,1635.0,2.6
75848,31.77281,-96.33408,Kirvin,TX,90.0,63.4
75849,31.39624,-95.47618,Latexo,TX,106.0,116.4
75850,31.13209,-95.91595,Leona,TX,1544.0,10.5
75851,31.09458,-95.49555,Lovelady,TX,4956.0,7.2
75852,30.98723,-95.72023,Midway,TX,3306.0,8.6
75853,31.93488,-95.80963,Montalba,TX,775.0,4.1
75855,31.5592,-95.85447,Oakwood,TX,2862.0,3.9
75856,31.20138,-95.2537,Pennington,TX,173.0,2.7
75858,31.38083,-95.13676,Ratcliff,TX,46.0,8.1
75859,31.8842,-96.25512,Streetman,TX,2125.0,6.2
75860,31.62342,-96.24615,Teague,TX,6248.0,13.6
75861,31.8524,-95.88771,Tennessee Colony,TX,1727.0,5.9
75862,30.96193,-95.32951,Trinity,TX,10245.0,16.4
75865,31.05808,-94.96228,Woodlake,TX,3.0,0.3
75884,31.78928,-95.89263,Tennessee Colony,TX,3804.0,11008.9
75886,31.78698,-95.91234,Tennessee Colony,TX,3193.0,250.8
75901,31.30264,-94.65481,Lufkin,TX,28979.0,70.3
75903,31.37428,-94.74796,Lufkin,TX,98.0,140.3
75904,31.33872,-94.83467,Lufkin,TX,34663.0,83.4
75925,31.61018,-95.05327,Alto,TX,3446.0,6.4
75926,31.23281,-94.96944,Apple Springs,TX,1220.0,5.3
75928,30.67111,-93.7064,Bon Wier,TX,1070.0,4.9
75929,31.23579,-94.19735,Broaddus,TX,1553.0,5.1
75930,31.33641,-94.03522,Bronson,TX,1649.0,4.0
75931,31.09978,-93.98953,Brookeland,TX,1821.0,8.0
75932,31.0551,-93.61396,Burkeville,TX,1343.0,3.9
75933,30.55314,-93.81608,Call,TX,1624.0,7.3
75934,30.89688,-94.75153,Camden,TX,195.0,11.0
75935,31.72999,-94.20077,Center,TX,12426.0,13.4
75936,30.95147,-94.58883,Chester,TX,967.0,3.2
75937,31.47805,-94.38259,Chireno,TX,1298.0,7.3
75938,30.93436,-94.35605,Colmesneil,TX,2217.0,4.5
75939,31.01496,-94.80501,Corrigan,TX,5440.0,8.3
75941,31.18078,-94.76219,Diboll,TX,8470.0,37.5
75942,30.82567,-94.41657,Doucette,TX,171.0,31.5
75943,31.65451,-94.88935,Douglass,TX,1171.0,7.1
75944,31.34514,-94.38636,Etoile,TX,904.0,7.0
75946,31.81372,-94.52392,Garrison,TX,3714.0,10.5
75948,31.29389,-93.77573,Hemphill,TX,5595.0,9.4
75949,31.22907,-94.51782,Huntington,TX,8469.0,15.9
75951,30.93098,-94.05762,Jasper,TX,15026.0,15.6
75954,31.92169,-94.05523,Joaquin,TX,2550.0,9.2
75956,30.6721,-93.96706,Kirbyville,TX,8275.0,13.1
75959,31.51021,-93.83994,Milam,TX,742.0,5.5
75960,30.90372,-94.8618,Moscow,TX,606.0,3.9
75961,31.5576,-94.51098,Nacogdoches,TX,14909.0,20.6
75962,31.61981,-94.6484,Nacogdoches,TX,3149.0,5957.1
75964,31.63334,-94.75057,Nacogdoches,TX,19889.0,34.5
75965,31.7284,-94.62629,Nacogdoches,TX,18231.0,91.3
75966,30.83783,-93.72611,Newton,TX,4462.0,6.4
75968,31.25882,-93.95924,Pineland,TX,2235.0,12.0
75969,31.44765,-94.89758,Pollok,TX,3719.0,17.3
75972,31.49407,-94.12173,San Augustine,TX,6190.0,6.6
75973,31.71977,-93.93259,Shelbyville,TX,2809.0,6.1
75974,31.95674,-94.23713,Tenaha,TX,3296.0,12.6
75975,31.89535,-94.4122,Timpson,TX,3868.0,10.7
75976,31.51546,-94.93863,Wells,TX,1239.0,17.5
75977,31.05997,-93.78455,Wiergate,TX,378.0,0.9
75979,30.77477,-94.4026,Woodville,TX,12023.0,15.1
75980,31.12387,-94.34703,Zavalla,TX,2407.0,5.9
76001,32.63076,-97.15408,Arlington,TX,37134.0,1342.7
76002,32.62233,-97.09265,Arlington,TX,34402.0,1862.6
76005,32.80057,-97.08001,Arlington,TX,3967.0,457.8
76006,32.78511,-97.10019,Arlington,TX,24547.0,1240.4
76008,32.68182,-97.62738,Aledo,TX,22091.0,104.7
76009,32.41635,-97.20115,Alvarado,TX,20751.0,81.7
76010,32.72271,-97.08065,Arlington,TX,57448.0,2517.8
76011,32.7543,-97.08223,Arlington,TX,21701.0,1030.3
76012,32.75459,-97.13901,Arlington,TX,28750.0,1354.1
76013,32.72027,-97.15652,Arlington,TX,34457.0,1482.2
76014,32.69201,-97.08814,Arlington,TX,32460.0,2185.0
76015,32.69204,-97.13341,Arlington,TX,17629.0,1595.7
76016,32.68907,-97.18868,Arlington,TX,31008.0,1353.4
76017,32.66223,-97.16237,Arlington,TX,45429.0,1718.5
76018,32.66074,-97.08967,Arlington,TX,28553.0,1403.9
76020,32.90102,-97.56483,Azle,TX,32443.0,193.0
76021,32.8523,-97.13128,Bedford,TX,35401.0,1883.8
76022,32.83063,-97.14506,Bedford,TX,14224.0,2036.0
76023,33.04777,-97.60425,Boyd,TX,7203.0,51.7
76028,32.52603,-97.30491,Burleson,TX,74217.0,369.9
76031,32.34873,-97.33267,Cleburne,TX,18996.0,100.9
76033,32.28663,-97.52075,Cleburne,TX,26174.0,57.4
76034,32.89121,-97.1488,Colleyville,TX,25717.0,759.8
76035,32.56172,-97.64251,Cresson,TX,2844.0,20.2
76036,32.57366,-97.41434,Crowley,TX,29594.0,259.3
76039,32.8592,-97.08422,Euless,TX,40657.0,2451.8
76040,32.82133,-97.10488,Euless,TX,30787.0,1515.8
76041,32.23911,-96.85724,Forreston,TX,370.0,11.9
76043,32.20039,-97.76129,Glen Rose,TX,7094.0,24.8
76044,32.42961,-97.54286,Godley,TX,6466.0,23.1
76048,32.40791,-97.80117,Granbury,TX,25691.0,97.6
76049,32.46759,-97.70645,Granbury,TX,29154.0,105.1
76050,32.27262,-97.16326,Grandview,TX,6760.0,18.8
76051,32.94192,-97.07888,Grapevine,TX,50066.0,867.2
76052,32.98205,-97.38037,Haslet,TX,26240.0,244.4
76053,32.81683,-97.17898,Hurst,TX,31513.0,1493.5
76054,32.85904,-97.17789,Hurst,TX,11989.0,1216.6
76055,32.1596,-97.14812,Itasca,TX,3255.0,15.2
76058,32.47072,-97.4251,Joshua,TX,20702.0,153.9
76059,32.3921,-97.32897,Keene,TX,4982.0,777.1
76060,32.63987,-97.2161,Kennedale,TX,8183.0,422.7
76061,32.5026,-97.19813,Lillian,TX,262.0,45.4
76063,32.56913,-97.14376,Mansfield,TX,76867.0,593.2
76064,32.30757,-97.03225,Maypearl,TX,1999.0,35.6
76065,32.47042,-96.98861,Midlothian,TX,40814.0,156.2
76066,32.7058,-97.99913,Millsap,TX,5030.0,22.1
76067,32.80303,-98.1449,Mineral Wells,TX,20420.0,39.9
76070,32.24291,-97.64991,Nemo,TX,814.0,13.9
76071,33.00613,-97.47821,Newark,TX,4242.0,184.8
76073,33.10416,-97.72571,Paradise,TX,6443.0,29.6
76077,32.27886,-97.70891,Rainbow,TX,491.0,20.5
76078,33.0896,-97.46647,Rhome,TX,8753.0,52.7
76082,32.97098,-97.71783,Springtown,TX,22082.0,83.0
76084,32.43258,-97.0888,Venus,TX,10375.0,77.3
76085,32.84907,-97.70051,Weatherford,TX,11143.0,65.8
76086,32.75345,-97.78909,Weatherford,TX,21054.0,587.5
76087,32.66995,-97.79065,Weatherford,TX,28779.0,59.9
76088,32.84554,-97.90345,Weatherford,TX,14669.0,35.1
76092,32.95562,-97.14879,Southlake,TX,31276.0,532.9
76093,32.21459,-97.40098,Rio Vista,TX,3239.0,36.5
76102,32.75799,-97.32858,Fort Worth,TX,10650.0,911.9
76103,32.75282,-97.26627,Fort Worth,TX,17363.0,1097.5
76104,32.72848,-97.31819,Fort Worth,TX,18956.0,1246.7
76105,32.72327,-97.26999,Fort Worth,TX,24277.0,1590.7
76106,32.81417,-97.35209,Fort Worth,TX,37437.0,998.4
76107,32.74176,-97.38202,Fort Worth,TX,29929.0,1078.4
76108,32.77943,-97.51811,Fort Worth,TX,44125.0,395.3
76109,32.70115,-97.38378,Fort Worth,TX,24606.0,1163.6
76110,32.70678,-97.33843,Fort Worth,TX,33505.0,2257.0
76111,32.7804,-97.30116,Fort Worth,TX,21591.0,1124.4
76112,32.74831,-97.21828,Fort Worth,TX,42404.0,1445.0
76114,32.77365,-97.40417,Fort Worth,TX,27683.0,1103.5
76115,32.67861,-97.33117,Fort Worth,TX,21824.0,1814.1
76116,32.72128,-97.44766,Fort Worth,TX,49319.0,1550.2
76117,32.80374,-97.26766,Haltom City,TX,32438.0,1150.9
76118,32.79606,-97.1972,Fort Worth,TX,16674.0,666.7
76119,32.69026,-97.26176,Fort Worth,TX,51037.0,1236.7
76120,32.76742,-97.18286,Fort Worth,TX,20518.0,1058.6
76123,32.62298,-97.40262,Fort Worth,TX,38575.0,1408.2
76126,32.64374,-97.51767,Fort Worth,TX,24946.0,140.2
76127,32.77663,-97.43044,Naval Air Station Jrb,TX,1781.0,317.4
76129,32.70934,-97.36255,Fort Worth,TX,1700.0,7894.6
76131,32.88227,-97.34895,Fort Worth,TX,47569.0,1182.0
76132,32.66743,-97.41827,Fort Worth,TX,26437.0,1376.4
76133,32.6538,-97.37746,Fort Worth,TX,54186.0,2244.0
76134,32.64331,-97.33103,Fort Worth,TX,29208.0,1310.8
76135,32.83708,-97.46621,Fort Worth,TX,18939.0,285.2
76137,32.85864,-97.29137,Fort Worth,TX,59273.0,1684.5
76140,32.62012,-97.27036,Fort Worth,TX,31703.0,448.3
76148,32.86789,-97.25197,Fort Worth,TX,24578.0,2015.6
76155,32.82404,-97.04911,Fort Worth,TX,6427.0,704.0
76164,32.7808,-97.35411,Fort Worth,TX,14081.0,1377.0
76177,32.96999,-97.30611,Fort Worth,TX,19320.0,362.1
76179,32.91397,-97.43947,Fort Worth,TX,70425.0,524.3
76180,32.83994,-97.22468,North Richland Hills,TX,36974.0,1534.8
76182,32.88257,-97.20969,North Richland Hills,TX,30911.0,1378.4
76201,33.22122,-97.14715,Denton,TX,28415.0,2009.1
76203,33.21213,-97.15181,Denton,TX,1178.0,48126.8
76205,33.19074,-97.12894,Denton,TX,20365.0,946.1
76207,33.22174,-97.18505,Denton,TX,15961.0,152.8
76208,33.20917,-97.05786,Denton,TX,26598.0,375.2
76209,33.2315,-97.11,Denton,TX,26660.0,1547.0
76210,33.14985,-97.0962,Denton,TX,44367.0,1062.9
76225,33.36616,-97.67345,Alvord,TX,3193.0,11.7
76226,33.10775,-97.17196,Argyle,TX,34829.0,270.1
76227,33.27465,-96.99075,Aubrey,TX,43088.0,212.2
76228,33.61438,-98.06305,Bellevue,TX,1210.0,2.3
76230,33.52264,-97.94497,Bowie,TX,9921.0,10.7
76233,33.54025,-96.89696,Collinsville,TX,3535.0,22.6
76234,33.27587,-97.51404,Decatur,TX,19147.0,23.5
76238,33.4861,-97.34148,Era,TX,332.0,4.6
76239,33.524,-97.57033,Forestburg,TX,1080.0,3.4
76240,33.65654,-97.17766,Gainesville,TX,29209.0,30.5
76241,33.64542,-97.17628,Gainesville,TX,9.0,11.1
76244,32.93101,-97.28076,Keller,TX,74884.0,1939.6
76245,33.82885,-96.85422,Gordonville,TX,1731.0,27.6
76247,33.0965,-97.33154,Justin,TX,16511.0,85.7
76248,32.92988,-97.22972,Keller,TX,40553.0,988.7
76249,33.27993,-97.3026,Krum,TX,9235.0,50.1
76250,33.63006,-97.24237,Lindsay,TX,1026.0,95.5
76251,33.65455,-97.69076,Montague,TX,700.0,6.1
76252,33.67788,-97.38695,Muenster,TX,2424.0,5.0
76253,33.62516,-97.31327,Myra,TX,348.0,330.6
76255,33.8179,-97.71625,Nocona,TX,5514.0,7.7
76258,33.37202,-96.9204,Pilot Point,TX,7056.0,30.2
76259,33.19977,-97.31603,Ponder,TX,5469.0,41.3
76261,33.80291,-97.96233,Ringgold,TX,244.0,1.3
76262,33.01137,-97.22101,Roanoke,TX,40159.0,366.3
76263,33.50435,-97.43735,Rosston,TX,14.0,1.4
76264,33.74172,-96.83509,Sadler,TX,1203.0,12.9
76265,33.74079,-97.53922,Saint Jo,TX,1529.0,3.4
76266,33.36818,-97.21513,Sanger,TX,17658.0,55.9
76267,33.36935,-97.39711,Slidell,TX,49.0,10.9
76268,33.62785,-96.76539,Southmayd,TX,131.0,79.5
76270,33.45471,-97.76247,Sunset,TX,1697.0,6.8
76271,33.46953,-96.91412,Tioga,TX,1873.0,16.7
76272,33.46421,-97.12721,Valley View,TX,4799.0,19.2
76273,33.74794,-96.93935,Whitesboro,TX,9922.0,18.5
76301,33.90507,-98.48043,Wichita Falls,TX,15062.0,509.4
76302,33.86607,-98.48487,Wichita Falls,TX,11423.0,467.3
76305,33.99979,-98.3909,Wichita Falls,TX,4639.0,8.2
76306,33.95237,-98.52745,Wichita Falls,TX,14781.0,332.9
76308,33.85684,-98.5378,Wichita Falls,TX,20028.0,985.2
76309,33.89551,-98.544,Wichita Falls,TX,14082.0,983.2
76310,33.81115,-98.51178,Wichita Falls,TX,19279.0,43.7
76311,33.97324,-98.50823,Sheppard Afb,TX,8037.0,1300.4
76351,33.55553,-98.71145,Archer City,TX,1895.0,2.8
76354,34.09521,-98.62276,Burkburnett,TX,11825.0,55.3
76357,34.07875,-98.18512,Byers,TX,466.0,2.6
76360,33.97361,-99.00302,Electra,TX,2805.0,2.8
76363,33.50762,-99.53122,Goree,TX,294.0,1.8
76364,34.13998,-99.00529,Harrold,TX,217.0,1.4
76365,33.754,-98.2076,Henrietta,TX,4491.0,3.2
76366,33.71439,-98.77436,Holliday,TX,2036.0,3.0
76367,33.97361,-98.7168,Iowa Park,TX,13471.0,28.0
76370,33.45624,-98.89407,Megargel,TX,447.0,4.3
76371,33.48668,-99.65453,Munday,TX,1568.0,4.7
76372,33.25173,-98.93643,Newcastle,TX,1051.0,1.6
76373,34.15541,-99.11973,Oklaunion,TX,185.0,2.4
76374,33.34823,-98.7648,Olney,TX,3595.0,5.1
76377,34.0101,-98.24191,Petrolia,TX,399.0,5.8
76379,33.67058,-98.47453,Scotland,TX,580.0,4.8
76380,33.60434,-99.22305,Seymour,TX,3517.0,1.6
76384,34.14355,-99.32067,Vernon,TX,12304.0,10.0
76388,33.31785,-99.62931,Weinert,TX,234.0,0.9
76389,33.49713,-98.47568,Windthorst,TX,1528.0,3.0
76401,32.27918,-98.19994,Stephenville,TX,29724.0,27.9
76402,32.21728,-98.21702,Stephenville,TX,606.0,8376.4
76424,32.80431,-98.89236,Breckenridge,TX,8552.0,6.5
76426,33.16493,-97.83772,Bridgeport,TX,11350.0,33.5
76427,33.13145,-98.39271,Bryson,TX,1018.0,11.5
76429,32.74742,-98.67428,Caddo,TX,106.0,0.5
76430,32.80303,-99.23519,Albany,TX,2340.0,2.8
76431,33.31066,-97.86228,Chico,TX,4376.0,14.0
76432,31.83945,-98.78705,Blanket,TX,1086.0,3.8
76433,32.30662,-98.01096,Bluff Dale,TX,1934.0,5.9
76435,32.21754,-98.85349,Carbon,TX,451.0,1.7
76436,31.87404,-98.22271,Carlton,TX,114.0,0.9
76437,32.388,-99.01935,Cisco,TX,5593.0,5.4
76439,32.6176,-97.92708,Dennis,TX,0.0,0.0
76442,31.89015,-98.61242,Comanche,TX,7697.0,6.8
76443,32.11907,-99.20174,Cross Plains,TX,2019.0,5.6
76444,32.11781,-98.5672,De Leon,TX,3477.0,9.2
76445,32.30318,-98.53829,Desdemona,TX,229.0,1.6
76446,32.07572,-98.35311,Dublin,TX,8876.0,8.3
76448,32.39257,-98.79541,Eastland,TX,4991.0,15.4
76449,32.91592,-98.32512,Graford,TX,2339.0,4.4
76450,33.05968,-98.64152,Graham,TX,13090.0,10.4
76452,31.77119,-98.39198,Energy,TX,111.0,1.8
76453,32.57202,-98.33908,Gordon,TX,1515.0,4.8
76454,32.22983,-98.69621,Gorman,TX,1856.0,5.7
76455,31.82142,-98.36676,Gustine,TX,847.0,4.8
76457,31.94968,-98.02773,Hico,TX,4194.0,5.0
76458,33.21518,-98.18944,Jacksboro,TX,5930.0,3.9
76459,33.27395,-98.38972,Jermyn,TX,166.0,2.3
76460,33.30796,-98.49798,Loving,TX,391.0,1.5
76462,32.52316,-98.03421,Lipan,TX,4914.0,11.0
76463,32.455,-98.41516,Mingus,TX,575.0,2.9
76464,32.57554,-99.1542,Moran,TX,381.0,0.7
76466,32.42887,-98.7332,Olden,TX,523.0,56.7
76469,32.34696,-99.21707,Putnam,TX,86.0,1.2
76470,32.49977,-98.6686,Ranger,TX,3432.0,4.9
76471,32.11117,-98.98499,Rising Star,TX,1500.0,3.5
76472,32.60631,-98.17095,Santo,TX,1305.0,5.4
76474,31.97036,-98.79142,Sidney,TX,286.0,3.5
76475,32.65296,-98.51281,Strawn,TX,1031.0,1.5
76476,32.37055,-97.92017,Tolar,TX,3406.0,12.0
76481,32.99706,-98.70977,South Bend,TX,233.0,2.3
76483,33.16667,-99.25111,Throckmorton,TX,868.0,0.8
76484,32.73147,-98.30551,Palo Pinto,TX,699.0,2.7
76486,33.02138,-98.05618,Perrin,TX,1018.0,4.2
76487,32.97912,-97.88346,Poolville,TX,2833.0,12.3
76490,32.95721,-98.04033,Whitt,TX,54.0,5.2
76491,33.05754,-99.03834,Woodson,TX,482.0,1.2
76501,31.07555,-97.25469,Temple,TX,17357.0,56.7
76502,31.09388,-97.41082,Temple,TX,45515.0,301.6
76504,31.14135,-97.37748,Temple,TX,23916.0,299.5
76511,30.79955,-97.42293,Bartlett,TX,2497.0,11.6
76513,31.05777,-97.50369,Belton,TX,42610.0,151.9
76518,30.85091,-97.13957,Buckholts,TX,1536.0,5.3
76519,30.98978,-97.03579,Burlington,TX,250.0,1.5
76520,30.87266,-96.89972,Cameron,TX,7692.0,11.6
76522,31.21577,-97.97215,Copperas Cove,TX,40050.0,134.5
76523,30.80366,-97.27795,Davilla,TX,397.0,70.0
76524,31.27445,-97.20736,Eddy,TX,3813.0,24.1
76525,31.47643,-98.17321,Evant,TX,1160.0,2.8
76527,30.8379,-97.79531,Florence,TX,4262.0,13.8
76528,31.43589,-97.7844,Gatesville,TX,19355.0,15.4
76530,30.71357,-97.42434,Granger,TX,2277.0,9.5
76531,31.68423,-98.19058,Hamilton,TX,4516.0,4.5
76534,30.88225,-97.36952,Holland,TX,2953.0,13.0
76537,30.81779,-97.60645,Jarrell,TX,10273.0,73.9
76538,31.64261,-97.8896,Jonesboro,TX,1119.0,2.8
76539,31.09193,-97.9992,Kempner,TX,8665.0,27.6
76541,31.11447,-97.72922,Killeen,TX,18521.0,1462.0
76542,31.00062,-97.7274,Killeen,TX,50527.0,309.6
76543,31.12343,-97.64077,Killeen,TX,33350.0,362.0
76544,31.23134,-97.75867,Fort Cavazos,TX,24872.0,258.2
76548,31.05299,-97.64613,Harker Heights,TX,31759.0,761.6
76549,31.01583,-97.82546,Killeen,TX,53138.0,218.0
76550,31.07714,-98.22165,Lampasas,TX,13789.0,9.8
76554,30.97583,-97.3677,Little River Academy,TX,2360.0,113.8
76556,30.69481,-96.84487,Milano,TX,1863.0,8.5
76557,31.29075,-97.39814,Moody,TX,6063.0,19.0
76559,31.07987,-97.61079,Nolanville,TX,6260.0,429.0
76561,31.42531,-97.54098,Oglesby,TX,1259.0,8.2
76565,31.64508,-98.3492,Pottsville,TX,115.0,1.6
76566,31.51664,-97.99881,Purmela,TX,345.0,1.8
76567,30.64535,-97.01363,Rockdale,TX,8790.0,15.8
76569,30.93873,-97.21904,Rogers,TX,3174.0,12.8
76570,31.0818,-96.94173,Rosebud,TX,2661.0,5.7
76571,30.93305,-97.58448,Salado,TX,9384.0,29.0
76573,30.81864,-97.50226,Schwertner,TX,32.0,13.9
76574,30.58297,-97.38967,Taylor,TX,19126.0,49.6
76577,30.62128,-97.1787,Thorndale,TX,3120.0,8.6
76578,30.53488,-97.24092,Thrall,TX,1453.0,8.6
76579,31.19894,-97.26046,Troy,TX,7068.0,45.9
76596,31.47626,-97.72696,Gatesville,TX,1271.0,3625.5
76597,31.48446,-97.70983,Gatesville,TX,3304.0,955.2
76598,31.47543,-97.73488,Gatesville,TX,570.0,7136.0
76599,31.47092,-97.73361,Gatesville,TX,1681.0,844.7
76621,31.87789,-97.08891,Abbott,TX,1025.0,5.8
76622,31.82032,-97.24942,Aquilla,TX,1734.0,12.6
76623,32.219,-96.78879,Avalon,TX,223.0,37.7
76624,31.66671,-96.95099,Axtell,TX,2522.0,15.4
76626,32.10522,-96.71615,Blooming Grove,TX,1309.0,11.2
76627,32.10511,-97.3881,Blum,TX,1499.0,6.2
76628,32.03007,-96.97179,Brandon,TX,110.0,7.4
76629,31.15114,-96.65499,Bremond,TX,1781.0,4.8
76630,31.33993,-97.22405,Bruceville,TX,1683.0,41.6
76631,31.97905,-96.96277,Bynum,TX,636.0,7.1
76632,31.29602,-97.06158,Chilton,TX,1627.0,12.0
76633,31.6857,-97.32503,China Spring,TX,6286.0,43.5
76634,31.80953,-97.56866,Clifton,TX,7207.0,9.8
76635,31.72956,-96.66483,Coolidge,TX,1498.0,4.9
76636,32.17213,-97.28307,Covington,TX,1507.0,12.9
76637,31.76631,-97.81817,Cranfills Gap,TX,369.0,4.1
76638,31.55487,-97.446,Crawford,TX,3095.0,16.7
76639,31.87254,-96.65551,Dawson,TX,1638.0,6.9
76640,31.69029,-97.07323,Elm Mott,TX,3140.0,42.9
76641,32.03847,-96.78723,Frost,TX,1768.0,9.5
76642,31.50442,-96.53271,Groesbeck,TX,5917.0,9.2
76643,31.45011,-97.19732,Hewitt,TX,15707.0,798.0
76645,32.01224,-97.12816,Hillsboro,TX,10762.0,22.2
76648,31.84942,-96.80659,Hubbard,TX,2554.0,9.5
76649,32.00132,-97.87816,Iredell,TX,596.0,1.8
76650,31.98994,-96.86678,Irene,TX,160.0,8.0
76651,32.18313,-96.87158,Italy,TX,3984.0,16.2
76652,32.11331,-97.57648,Kopperl,TX,1169.0,4.7
76653,31.29963,-96.60536,Kosse,TX,1409.0,3.6
76654,31.72708,-97.01346,Leroy,TX,184.0,79.1
76655,31.39295,-97.1728,Lorena,TX,8616.0,42.8
76656,31.18555,-97.06161,Lott,TX,2671.0,8.5
76657,31.43851,-97.39971,Mcgregor,TX,11723.0,32.6
76660,31.93015,-96.89331,Malone,TX,663.0,7.9
76661,31.30785,-96.84584,Marlin,TX,7388.0,17.2
76664,31.56202,-96.79552,Mart,TX,4015.0,11.7
76665,31.91784,-97.72049,Meridian,TX,2838.0,6.5
76666,32.04653,-96.89178,Mertens,TX,171.0,2.4
76667,31.65668,-96.46511,Mexia,TX,10385.0,26.2
76670,32.12887,-96.98836,Milford,TX,1815.0,10.4
76671,31.99351,-97.52768,Morgan,TX,1635.0,8.4
76673,31.75371,-96.89105,Mount Calm,TX,1253.0,5.4
76676,31.87169,-96.95847,Penelope,TX,260.0,4.3
76678,31.65009,-96.75087,Prairie Hill,TX,77.0,1.1
76679,31.94557,-96.59358,Purdon,TX,1067.0,6.2
76680,31.18798,-96.80383,Reagan,TX,165.0,1.4
76681,31.91071,-96.44006,Richland,TX,550.0,8.2
76682,31.45235,-96.90825,Riesel,TX,3182.0,9.9
76685,31.34973,-97.0101,Satin,TX,43.0,1.1
76686,31.74178,-96.54464,Tehuacana,TX,222.0,47.7
76687,31.36914,-96.48691,Thornton,TX,1915.0,5.6
76689,31.66624,-97.50471,Valley Mills,TX,3878.0,6.7
76690,32.1031,-97.79219,Walnut Springs,TX,1200.0,5.2
76691,31.77564,-97.09721,West,TX,6357.0,25.2
76692,31.95902,-97.33382,Whitney,TX,9508.0,32.4
76693,31.80977,-96.43843,Wortham,TX,2170.0,7.2
76701,31.55201,-97.13852,Waco,TX,1953.0,659.9
76704,31.57558,-97.12417,Waco,TX,7791.0,556.7
76705,31.62448,-97.08814,Waco,TX,31902.0,103.8
76706,31.465,-97.09131,Waco,TX,39488.0,210.9
76707,31.55365,-97.15829,Waco,TX,16430.0,1942.8
76708,31.62749,-97.21186,Waco,TX,26155.0,210.1
76710,31.5387,-97.19554,Waco,TX,23385.0,967.6
76711,31.51422,-97.15374,Waco,TX,10237.0,988.5
76712,31.52411,-97.25514,Woodway,TX,27310.0,201.3
76798,31.54606,-97.12085,Waco,TX,2966.0,9840.8
76801,31.75471,-99.05462,Brownwood,TX,25081.0,25.7
76802,31.7194,-98.8949,Early,TX,5727.0,22.0
76820,30.79295,-99.04508,Art,TX,119.0,0.5
76821,31.73862,-99.94963,Ballinger,TX,4430.0,6.4
76823,31.68718,-99.16205,Bangs,TX,2698.0,11.3
76824,30.9411,-98.46339,Bend,TX,0.0,0.0
76825,31.09493,-99.39329,Brady,TX,6539.0,5.3
76827,31.52589,-99.13031,Brookesmith,TX,601.0,2.8
76828,32.00728,-99.28435,Burkett,TX,202.0,1.1
76831,30.74599,-98.95543,Castell,TX,0.0,0.0
76832,30.97485,-98.74384,Cherokee,TX,678.0,1.5
76834,31.87885,-99.46843,Coleman,TX,4995.0,4.4
76836,31.42409,-99.59196,Doole,TX,5.0,0.0
76837,31.21098,-99.88176,Eden,TX,2001.0,2.0
76841,30.86695,-100.14226,Fort McKavett,TX,175.0,0.3
76842,30.91888,-99.1023,Fredonia,TX,170.0,0.8
76844,31.44387,-98.49348,Goldthwaite,TX,3243.0,3.3
76845,31.54305,-99.48192,Gouldbusk,TX,263.0,0.9
76848,30.83928,-99.5637,Hext,TX,78.0,0.4
76849,30.45849,-99.83805,Junction,TX,3641.0,1.7
76852,31.35558,-99.44335,Lohn,TX,304.0,0.8
76853,31.24774,-98.39047,Lometa,TX,1492.0,2.0
76854,30.57125,-99.53945,London,TX,288.0,0.5
76856,30.70296,-99.26668,Mason,TX,3570.0,2.0
76857,31.93361,-98.93313,May,TX,1984.0,5.9
76858,31.20758,-99.62002,Melvin,TX,264.0,0.7
76859,30.87106,-99.83123,Menard,TX,1773.0,0.8
76861,31.59216,-100.19637,Miles,TX,2053.0,4.6
76862,31.4138,-99.70944,Millersview,TX,184.0,0.7
76864,31.54561,-98.73637,Mullin,TX,812.0,1.2
76865,31.84944,-100.13663,Norton,TX,199.0,1.6
76866,31.45181,-99.92922,Paint Rock,TX,838.0,1.2
76869,30.90951,-98.97464,Pontotoc,TX,218.0,2.1
76870,31.60386,-98.53151,Priddy,TX,72.0,1.1
76871,31.27333,-98.995,Richland Springs,TX,704.0,1.2
76872,31.3357,-99.1603,Rochelle,TX,611.0,0.8
76873,31.50459,-99.3696,Rockwood,TX,148.0,1.2
76874,30.47693,-100.12271,Roosevelt,TX,0.0,0.0
76875,31.59928,-100.00749,Rowena,TX,489.0,1.5
76877,31.15807,-98.75361,San Saba,TX,4303.0,2.7
76878,31.66659,-99.29611,Santa Anna,TX,1642.0,2.5
76880,31.44491,-98.3151,Star,TX,0.0,0.0
76882,31.80059,-99.71448,Talpa,TX,257.0,0.5
76884,31.69654,-99.56407,Valera,TX,55.0,1.4
76885,30.87304,-98.85742,Valley Spring,TX,97.0,0.6
76887,31.02696,-99.15806,Voca,TX,63.0,0.3
76888,31.60919,-99.63742,Voss,TX,136.0,0.5
76890,31.69229,-98.7649,Zephyr,TX,884.0,4.1
76901,31.52352,-100.63993,San Angelo,TX,32419.0,36.2
76902,31.54439,-100.72459,San Angelo,TX,0.0,0.0
76903,31.48168,-100.43787,San Angelo,TX,30312.0,467.3
76904,31.28844,-100.41695,San Angelo,TX,36132.0,31.6
76905,31.49987,-100.31583,San Angelo,TX,13052.0,27.5
76908,31.43226,-100.40314,Goodfellow Afb,TX,2319.0,574.8
76909,31.44135,-100.46624,San Angelo,TX,555.0,2111.1
76930,31.11075,-101.11975,Barnhart,TX,72.0,0.1
76932,31.19124,-101.54984,Big Lake,TX,3349.0,1.2
76933,31.87618,-100.28544,Bronte,TX,1365.0,1.9
76934,31.61491,-100.67661,Carlsbad,TX,947.0,8.5
76935,31.07744,-100.42261,Christoval,TX,1916.0,2.0
76936,30.88811,-100.64723,Eldorado,TX,2547.0,1.0
76937,31.39109,-100.15025,Eola,TX,66.0,1.3
76939,31.26855,-100.59028,Knickerbocker,TX,0.0,0.0
76940,31.43681,-100.12694,Mereta,TX,15.0,0.7
76941,31.24731,-100.89845,Mertzon,TX,1410.0,1.4
76943,30.48057,-101.32623,Ozona,TX,2867.0,0.5
76945,31.87297,-100.60292,Robert Lee,TX,1715.0,1.1
76950,30.43439,-100.56564,Sonora,TX,3473.0,0.7
76951,31.81255,-101.04709,Sterling City,TX,1391.0,0.7
76953,31.72871,-100.32078,Tennyson,TX,67.0,0.6
76955,31.29919,-100.1389,Vancourt,TX,278.0,1.5
76957,31.37232,-100.30514,Wall,TX,185.0,277.8
76958,31.64467,-100.75515,Water Valley,TX,238.0,1.9
77002,29.75635,-95.36538,Houston,TX,18892.0,3703.3
77003,29.74961,-95.34521,Houston,TX,9992.0,1411.2
77004,29.72477,-95.36498,Houston,TX,34197.0,2519.3
77005,29.71824,-95.42413,Houston,TX,28310.0,2855.3
77006,29.74086,-95.39126,Houston,TX,22678.0,3822.8
77007,29.77152,-95.40919,Houston,TX,40653.0,2090.9
77008,29.79856,-95.41766,Houston,TX,37097.0,2210.2
77009,29.79499,-95.36758,Houston,TX,37654.0,2346.6
77010,29.75368,-95.35987,Houston,TX,802.0,2592.7
77011,29.743,-95.30785,Houston,TX,17060.0,1931.4
77012,29.71904,-95.27449,Houston,TX,17932.0,1760.8
77013,29.79516,-95.23895,Houston,TX,19296.0,785.5
77014,29.98025,-95.46363,Houston,TX,37471.0,2016.4
77015,29.76485,-95.17216,Houston,TX,58276.0,1089.5
77016,29.86147,-95.29951,Houston,TX,30252.0,1178.7
77017,29.69153,-95.25093,Houston,TX,33627.0,1356.3
77018,29.82703,-95.42571,Houston,TX,28403.0,1620.5
77019,29.75318,-95.41212,Houston,TX,22475.0,2342.1
77020,29.76842,-95.30878,Houston,TX,26252.0,1297.9
77021,29.69713,-95.35751,Houston,TX,26287.0,1670.2
77022,29.8306,-95.3768,Houston,TX,26476.0,1750.0
77023,29.7216,-95.31827,Houston,TX,27676.0,1954.6
77024,29.77073,-95.50869,Houston,TX,37694.0,1122.0
77025,29.68584,-95.43512,Houston,TX,29539.0,2555.9
77026,29.80013,-95.32934,Houston,TX,21412.0,1260.1
77027,29.73919,-95.44609,Houston,TX,19386.0,2809.8
77028,29.82471,-95.28668,Houston,TX,19506.0,826.7
77029,29.76382,-95.26326,Houston,TX,16223.0,590.0
77030,29.70597,-95.40253,Houston,TX,11787.0,1763.2
77031,29.65434,-95.54622,Houston,TX,16710.0,2043.8
77032,29.96523,-95.34004,Houston,TX,13887.0,232.1
77033,29.66801,-95.33801,Houston,TX,28669.0,1939.0
77034,29.61522,-95.19237,Houston,TX,38875.0,1057.6
77035,29.65269,-95.47688,Houston,TX,35335.0,2418.3
77036,29.70119,-95.53659,Houston,TX,68797.0,3651.4
77037,29.8918,-95.39438,Houston,TX,18106.0,1135.6
77038,29.91906,-95.44121,Houston,TX,32275.0,1284.6
77039,29.90923,-95.34137,Houston,TX,27501.0,1051.9
77040,29.87539,-95.52861,Houston,TX,50192.0,1399.8
77041,29.86203,-95.58187,Houston,TX,33053.0,676.1
77042,29.74125,-95.56015,Houston,TX,40861.0,2558.0
77043,29.8112,-95.57981,Houston,TX,25122.0,684.9
77044,29.89808,-95.17685,Houston,TX,53753.0,530.9
77045,29.63634,-95.43279,Houston,TX,32627.0,1129.7
77046,29.73438,-95.43301,Houston,TX,1002.0,3611.9
77047,29.60843,-95.38662,Houston,TX,33199.0,928.7
77048,29.62154,-95.32986,Houston,TX,19413.0,650.3
77049,29.83417,-95.14827,Houston,TX,39514.0,630.4
77050,29.90286,-95.27013,Houston,TX,5745.0,322.9
77051,29.65586,-95.38023,Houston,TX,19077.0,997.8
77053,29.58549,-95.45991,Houston,TX,30642.0,1039.7
77054,29.68102,-95.40424,Houston,TX,23699.0,1711.2
77055,29.79757,-95.4928,Houston,TX,43780.0,2015.7
77056,29.74849,-95.46806,Houston,TX,22062.0,2464.2
77057,29.74522,-95.48885,Houston,TX,44056.0,3970.9
77058,29.56297,-95.09303,Houston,TX,17651.0,814.8
77059,29.60929,-95.12417,Houston,TX,18020.0,753.5
77060,29.93567,-95.39697,Houston,TX,47349.0,2243.4
77061,29.65436,-95.28481,Houston,TX,25485.0,1318.6
77062,29.57584,-95.13406,Houston,TX,24761.0,1644.6
77063,29.7356,-95.52157,Houston,TX,39855.0,3441.3
77064,29.92279,-95.5467,Houston,TX,49305.0,1294.5
77065,29.92673,-95.60324,Houston,TX,40140.0,1886.1
77066,29.95714,-95.50277,Houston,TX,40053.0,1790.7
77067,29.95283,-95.44719,Houston,TX,33420.0,2271.6
77068,30.00628,-95.48694,Houston,TX,11031.0,1122.6
77069,29.98631,-95.52398,Houston,TX,19054.0,1565.7
77070,29.97783,-95.57377,Houston,TX,58462.0,1730.3
77071,29.65265,-95.52046,Houston,TX,27221.0,2338.0
77072,29.70006,-95.58539,Houston,TX,63585.0,3309.4
77073,29.99849,-95.39804,Houston,TX,38857.0,1030.4
77074,29.68821,-95.51633,Houston,TX,39088.0,2743.8
77075,29.62119,-95.26749,Houston,TX,42736.0,1471.6
77076,29.86002,-95.38328,Houston,TX,33171.0,2697.4
77077,29.75375,-95.64189,Houston,TX,63168.0,1474.5
77078,29.8529,-95.25089,Houston,TX,13738.0,515.6
77079,29.77632,-95.6037,Houston,TX,34633.0,1728.6
77080,29.81662,-95.52375,Houston,TX,45391.0,2736.8
77081,29.71219,-95.48026,Houston,TX,51374.0,6101.7
77082,29.72383,-95.6414,Houston,TX,52827.0,1620.6
77083,29.69316,-95.64858,Houston,TX,77663.0,2892.9
77084,29.82698,-95.6612,Houston,TX,107864.0,1312.3
77085,29.62465,-95.48411,Houston,TX,17101.0,1204.5
77086,29.9186,-95.49064,Houston,TX,30071.0,1699.2
77087,29.68631,-95.3034,Houston,TX,36710.0,2162.1
77088,29.88148,-95.45316,Houston,TX,54601.0,1899.4
77089,29.58698,-95.2257,Houston,TX,59042.0,1749.0
77090,30.00845,-95.44317,Houston,TX,39478.0,1780.7
77091,29.85382,-95.43969,Houston,TX,30008.0,1627.0
77092,29.83153,-95.47521,Houston,TX,35822.0,1707.6
77093,29.8623,-95.34097,Houston,TX,47417.0,1524.4
77094,29.7738,-95.69955,Houston,TX,11139.0,1254.0
77095,29.90834,-95.65492,Houston,TX,71138.0,1863.2
77096,29.67464,-95.47965,Houston,TX,32744.0,2099.2
77098,29.73482,-95.41526,Houston,TX,15414.0,3376.2
77099,29.67067,-95.58485,Houston,TX,50113.0,3156.8
77204,29.72168,-95.34356,Houston,TX,4459.0,3376.1
77301,30.30897,-95.43281,Conroe,TX,33409.0,639.4
77302,30.22626,-95.36014,Conroe,TX,19165.0,139.9
77303,30.37569,-95.37937,Conroe,TX,22502.0,142.6
77304,30.33097,-95.51538,Conroe,TX,36700.0,353.9
77306,30.2799,-95.31337,Conroe,TX,16650.0,156.5
77316,30.30974,-95.68528,Montgomery,TX,29191.0,87.4
77318,30.44709,-95.54364,Willis,TX,18348.0,191.2
77320,30.80672,-95.55687,Huntsville,TX,38572.0,43.3
77326,30.50445,-94.81661,Ace,TX,82.0,12.3
77327,30.3262,-94.91826,Cleveland,TX,29710.0,33.8
77328,30.40767,-95.18888,Cleveland,TX,18297.0,39.1
77331,30.61928,-95.17706,Coldspring,TX,7114.0,16.0
77334,30.77996,-95.36465,Dodge,TX,23.0,0.6
77335,30.58901,-94.92353,Goodrich,TX,2799.0,28.3
77336,30.06842,-95.10306,Huffman,TX,12249.0,132.6
77338,30.00858,-95.28351,Humble,TX,46780.0,693.7
77339,30.04788,-95.22139,Kingwood,TX,42652.0,1025.4
77340,30.64601,-95.53441,Huntsville,TX,32826.0,59.5
77341,30.69818,-95.55886,Huntsville,TX,0.0,0.0
77342,30.73877,-95.55911,Huntsville,TX,0.0,0.0
77345,30.05392,-95.15884,Kingwood,TX,27274.0,1256.1
77346,29.99027,-95.17777,Humble,TX,67587.0,1455.8
77350,30.81432,-94.90086,Leggett,TX,119.0,7.4
77351,30.70411,-94.81682,Livingston,TX,34047.0,20.6
77354,30.21113,-95.65003,Magnolia,TX,38505.0,200.2
77355,30.1579,-95.75014,Magnolia,TX,31164.0,216.5
77356,30.44807,-95.70358,Montgomery,TX,28689.0,87.1
77357,30.15694,-95.18173,New Caney,TX,29992.0,172.6
77358,30.55061,-95.45419,New Waverly,TX,5324.0,18.5
77359,30.76262,-95.30441,Oakhurst,TX,142.0,1.3
77360,30.8471,-95.11394,Onalaska,TX,5805.0,68.0
77362,30.16003,-95.67237,Pinehurst,TX,6361.0,229.6
77363,30.3267,-95.85732,Plantersville,TX,3042.0,20.0
77364,30.76592,-95.22168,Pointblank,TX,2272.0,28.5
77365,30.11638,-95.2747,Porter,TX,36802.0,343.5
77367,30.8504,-95.39147,Riverside,TX,264.0,119.3
77368,30.45114,-94.8407,Romayor,TX,0.0,0.0
77369,30.44296,-94.75084,Rye,TX,478.0,7.5
77371,30.49376,-94.98146,Shepherd,TX,7291.0,23.9
77372,30.24472,-95.18281,Splendora,TX,14103.0,105.7
77373,30.06143,-95.38423,Spring,TX,63296.0,1028.5
77374,30.38226,-94.63069,Thicket,TX,449.0,4.4
77375,30.09393,-95.59095,Tomball,TX,62970.0,690.1
77376,30.44422,-94.6779,Votaw,TX,561.0,7.6
77377,30.06141,-95.67608,Tomball,TX,38689.0,423.9
77378,30.45873,-95.37454,Willis,TX,17549.0,76.0
77379,30.03966,-95.53305,Spring,TX,82125.0,1228.0
77380,30.1365,-95.46863,Spring,TX,29095.0,903.8
77381,30.17791,-95.50266,Spring,TX,36080.0,1099.2
77382,30.19961,-95.5455,Spring,TX,41233.0,1326.4
77384,30.23453,-95.49675,Conroe,TX,21259.0,445.0
77385,30.1894,-95.42264,Conroe,TX,24771.0,440.7
77386,30.10153,-95.3561,Spring,TX,64460.0,610.6
77388,30.05957,-95.46764,Spring,TX,53498.0,1542.9
77389,30.11509,-95.50752,Spring,TX,41982.0,762.1
77396,29.94778,-95.26129,Humble,TX,61720.0,957.9
77401,29.70398,-95.46192,Bellaire,TX,17362.0,1841.0
77406,29.64571,-95.79184,Richmond,TX,58998.0,395.5
77407,29.67658,-95.71455,Richmond,TX,73084.0,1411.4
77412,29.56693,-96.46031,Altair,TX,0.0,0.0
77414,28.90601,-95.8935,Bay City,TX,24345.0,16.9
77415,28.93425,-95.72035,Cedar Lane,TX,390.0,29.2
77417,29.46633,-95.9621,Beasley,TX,2892.0,20.5
77418,29.97922,-96.25063,Bellville,TX,10220.0,21.2
77419,28.8692,-96.25603,Blessing,TX,823.0,6.0
77420,29.23404,-95.91908,Boling,TX,2365.0,10.3
77422,28.96492,-95.57268,Brazoria,TX,14042.0,31.7
77423,29.83386,-95.98219,Brookshire,TX,14470.0,37.6
77426,30.11633,-96.24721,Chappell Hill,TX,2019.0,8.6
77428,28.67447,-96.15682,Collegeport,TX,0.0,0.0
77429,29.99068,-95.65808,Cypress,TX,88375.0,902.9
77430,29.26487,-95.65616,Damon,TX,1780.0,5.9
77431,29.13239,-95.82309,Danciger,TX,333.0,10.0
77432,29.05808,-96.21608,Danevang,TX,0.0,0.0
77433,29.9492,-95.73979,Cypress,TX,103070.0,674.9
77434,29.52577,-96.31983,Eagle Lake,TX,4128.0,11.0
77435,29.51111,-96.12395,East Bernard,TX,3727.0,8.1
77436,29.38874,-96.23832,Egypt,TX,0.0,0.0
77437,29.20452,-96.27328,El Campo,TX,18529.0,20.3
77440,28.88819,-96.14603,Elmaton,TX,131.0,13.1
77441,29.6955,-95.90896,Fulshear,TX,22665.0,342.2
77442,29.43708,-96.49757,Garwood,TX,1343.0,2.8
77443,29.35835,-96.18255,Glen Flora,TX,132.0,23.2
77444,29.29641,-95.77794,Guy,TX,785.0,7.7
77445,30.09562,-96.06247,Hempstead,TX,14595.0,30.3
77446,30.0871,-95.9895,Prairie View,TX,5121.0,745.1
77447,30.05178,-95.82868,Hockley,TX,18145.0,67.7
77448,29.4147,-96.08746,Hungerford,TX,148.0,8.5
77449,29.83674,-95.73547,Katy,TX,119994.0,1713.4
77450,29.74753,-95.73696,Katy,TX,72197.0,1416.7
77451,29.46173,-96.02688,Kendleton,TX,588.0,32.9
77453,29.23303,-96.01802,Lane City,TX,168.0,18.5
77454,29.54304,-96.23044,Lissie,TX,0.0,0.0
77455,29.14017,-96.43782,Louise,TX,2014.0,3.7
77456,28.9511,-96.1136,Markham,TX,1063.0,10.4
77457,28.70119,-95.94076,Matagorda,TX,471.0,7.7
77458,28.95409,-96.25489,Midfield,TX,58.0,1.0
77459,29.52691,-95.53407,Missouri City,TX,77722.0,959.9
77460,29.39744,-96.38451,Nada,TX,177.0,98.3
77461,29.39159,-95.77345,Needville,TX,11824.0,30.3
77464,29.61807,-95.94148,Orchard,TX,366.0,9.2
77465,28.71152,-96.22545,Palacios,TX,7227.0,12.0
77466,29.80003,-96.01085,Pattison,TX,360.0,15.3
77467,29.23345,-96.18563,Pierce,TX,0.0,0.0
77468,29.14681,-95.85173,Pledger,TX,0.0,0.0
77469,29.49229,-95.70571,Richmond,TX,57228.0,207.0
77470,29.52775,-96.55305,Rock Island,TX,458.0,6.2
77471,29.55159,-95.86785,Rosenberg,TX,41723.0,164.0
77473,29.79459,-96.1038,San Felipe,TX,38.0,146.1
77474,29.77583,-96.18518,Sealy,TX,14048.0,26.2
77475,29.50419,-96.66026,Sheridan,TX,699.0,9.1
77476,29.67551,-95.97105,Simonton,TX,281.0,10.5
77477,29.62625,-95.56718,Stafford,TX,33844.0,1280.4
77478,29.61896,-95.6077,Sugar Land,TX,23276.0,896.8
77479,29.56503,-95.6346,Sugar Land,TX,90084.0,1064.5
77480,29.09388,-95.76692,Sweeny,TX,8243.0,25.5
77481,29.47053,-95.56975,Thompsons,TX,152.0,5.0
77482,29.09351,-95.88411,Van Vleck,TX,1307.0,11.4
77483,28.77467,-95.86638,Wadsworth,TX,334.0,3.8
77484,30.07924,-95.92812,Waller,TX,12914.0,33.0
77485,29.64118,-96.06236,Wallis,TX,3933.0,19.7
77486,29.15495,-95.6805,West Columbia,TX,7227.0,57.9
77488,29.29833,-96.09821,Wharton,TX,14721.0,25.3
77489,29.60068,-95.51605,Missouri City,TX,38593.0,1319.0
77493,29.85193,-95.83025,Katy,TX,48117.0,300.7
77494,29.74566,-95.82302,Katy,TX,129165.0,1316.4
77498,29.64224,-95.65244,Sugar Land,TX,52947.0,1269.3
77502,29.67984,-95.19953,Pasadena,TX,37665.0,2660.9
77503,29.69078,-95.15781,Pasadena,TX,24582.0,1496.8
77504,29.64766,-95.19007,Pasadena,TX,25748.0,1778.9
77505,29.64895,-95.14284,Pasadena,TX,22548.0,1037.9
77506,29.71786,-95.19018,Pasadena,TX,37141.0,1267.6
77507,29.62332,-95.06582,Pasadena,TX,403.0,9.5
77510,29.34788,-95.09089,Santa Fe,TX,13124.0,166.5
77511,29.38638,-95.23769,Alvin,TX,49600.0,127.6
77514,29.69096,-94.62598,Anahuac,TX,5818.0,12.4
77515,29.17604,-95.44955,Angleton,TX,33491.0,63.2
77517,29.36253,-95.1369,Santa Fe,TX,6118.0,90.2
77518,29.50544,-94.98664,Bacliff,TX,10567.0,1258.9
77519,30.21124,-94.58596,Batson,TX,596.0,8.2
77520,29.74599,-95.00388,Baytown,TX,36054.0,661.9
77521,29.81298,-94.96233,Baytown,TX,63309.0,496.1
77523,29.77598,-94.8632,Baytown,TX,26370.0,119.5
77530,29.78948,-95.11159,Channelview,TX,30880.0,863.6
77531,29.03895,-95.40071,Clute,TX,15956.0,524.3
77532,29.93177,-95.05602,Crosby,TX,30108.0,140.8
77533,30.09139,-94.59488,Daisetta,TX,1135.0,17.2
77534,29.21335,-95.30387,Danbury,TX,3125.0,28.8
77535,30.05129,-94.91569,Dayton,TX,37418.0,46.8
77536,29.69021,-95.11891,Deer Park,TX,33291.0,1308.6
77538,29.99217,-94.53976,Devers,TX,864.0,2.5
77539,29.45578,-95.02723,Dickinson,TX,45901.0,366.1
77541,29.01496,-95.32667,Freeport,TX,17989.0,49.0
77545,29.53729,-95.47242,Fresno,TX,25755.0,677.2
77546,29.5132,-95.19352,Friendswood,TX,54405.0,772.6
77547,29.74018,-95.23836,Galena Park,TX,9702.0,972.1
77550,29.31021,-94.77706,Galveston,TX,22421.0,1144.9
77551,29.27903,-94.83502,Galveston,TX,23686.0,2313.1
77554,29.23187,-94.92544,Galveston,TX,9001.0,111.7
77555,29.31082,-94.77641,Galveston,TX,3.0,50.8
77560,29.86399,-94.59643,Hankamer,TX,708.0,10.1
77561,30.13459,-94.73551,Hardin,TX,27.0,27.7
77562,29.82917,-95.05473,Highlands,TX,10292.0,294.9
77563,29.31123,-95.01822,Hitchcock,TX,10223.0,89.3
77564,30.21811,-94.65989,Hull,TX,1737.0,11.2
77565,29.53925,-95.03229,Kemah,TX,6555.0,711.8
77566,29.04971,-95.47511,Lake Jackson,TX,30327.0,494.7
77568,29.36653,-94.98773,La Marque,TX,19819.0,522.5
77571,29.69287,-95.06012,La Porte,TX,37298.0,388.5
77573,29.50213,-95.08636,League City,TX,95111.0,1232.9
77575,30.07738,-94.73666,Liberty,TX,15796.0,25.6
77577,29.25966,-95.26731,Liverpool,TX,1303.0,18.1
77578,29.47794,-95.36757,Manvel,TX,23444.0,235.8
77580,29.85706,-94.88081,Mont Belvieu,TX,0.0,0.0
77581,29.5624,-95.27982,Pearland,TX,50733.0,795.6
77582,30.01371,-94.65497,Raywood,TX,374.0,8.2
77583,29.37763,-95.4585,Rosharon,TX,41232.0,91.3
77584,29.54577,-95.35013,Pearland,TX,89358.0,1078.3
77585,30.29949,-94.5294,Saratoga,TX,1152.0,4.3
77586,29.58267,-95.03391,Seabrook,TX,23364.0,773.7
77587,29.66117,-95.22865,South Houston,TX,16381.0,2060.6
77590,29.3804,-94.91759,Texas City,TX,33272.0,510.1
77591,29.39971,-95.00074,Texas City,TX,14961.0,559.7
77597,29.82811,-94.69521,Wallisville,TX,408.0,9.6
77598,29.53766,-95.13714,Webster,TX,27184.0,857.6
77611,30.01259,-93.8222,Bridge City,TX,9829.0,195.8
77612,30.39851,-93.93276,Buna,TX,9490.0,10.4
77613,30.02493,-94.35393,China,TX,896.0,8.0
77614,30.3055,-93.76033,Deweyville,TX,519.0,19.8
77615,30.35713,-94.06563,Evadale,TX,365.0,113.2
77616,30.56804,-94.2117,Fred,TX,269.0,4.0
77617,29.51128,-94.51052,Gilchrist,TX,46.0,3.4
77619,29.94549,-93.9165,Groves,TX,17078.0,1211.8
77622,29.85741,-94.29467,Hamshire,TX,1685.0,32.1
77623,29.55957,-94.41621,High Island,TX,689.0,18.1
77624,30.68674,-94.2822,Hillister,TX,658.0,4.8
77625,30.37032,-94.3923,Kountze,TX,7773.0,9.4
77627,29.99095,-94.00772,Nederland,TX,21896.0,642.5
77629,29.97476,-94.42727,Nome,TX,782.0,4.7
77630,30.06534,-93.86844,Orange,TX,29480.0,118.8
77632,30.2014,-93.80477,Orange,TX,21657.0,64.1
77640,29.88021,-93.94152,Port Arthur,TX,17579.0,182.1
77642,29.93917,-93.91606,Port Arthur,TX,37881.0,741.6
77650,29.42995,-94.68096,Port Bolivar,TX,2094.0,36.8
77651,29.98036,-93.94821,Port Neches,TX,13534.0,475.6
77655,29.71338,-93.95306,Sabine Pass,TX,307.0,2.5
77656,30.42866,-94.16887,Silsbee,TX,16795.0,37.0
77657,30.22549,-94.18862,Lumberton,TX,21551.0,144.2
77659,30.15775,-94.43279,Sour Lake,TX,6230.0,20.3
77660,30.63993,-94.14105,Spurger,TX,1342.0,9.1
77661,29.78021,-94.36861,Stowell,TX,363.0,72.9
77662,30.1793,-94.01876,Vidor,TX,25789.0,71.2
77663,30.51033,-94.4052,Village Mills,TX,854.0,18.4
77664,30.58901,-94.39529,Warren,TX,2368.0,5.0
77665,29.78697,-94.40969,Winnie,TX,6499.0,14.6
77701,30.07321,-94.10579,Beaumont,TX,12930.0,727.9
77702,30.08624,-94.12825,Beaumont,TX,3368.0,1046.7
77703,30.11522,-94.10906,Beaumont,TX,12069.0,536.0
77705,29.90652,-94.16961,Beaumont,TX,40947.0,65.1
77706,30.10049,-94.16717,Beaumont,TX,29195.0,1118.4
77707,30.05323,-94.1748,Beaumont,TX,18214.0,495.7
77708,30.14747,-94.15128,Beaumont,TX,12979.0,430.6
77713,30.06777,-94.25716,Beaumont,TX,14136.0,53.0
77801,30.63968,-96.36451,Bryan,TX,14585.0,1835.7
77802,30.6609,-96.32233,Bryan,TX,24571.0,827.3
77803,30.67835,-96.3867,Bryan,TX,33233.0,945.4
77807,30.6783,-96.47982,Bryan,TX,12677.0,49.8
77808,30.78965,-96.31362,Bryan,TX,14684.0,22.4
77830,30.52648,-96.00849,Anderson,TX,3122.0,6.2
77831,30.73144,-95.90933,Bedias,TX,3137.0,5.3
77833,30.20842,-96.40797,Brenham,TX,28417.0,35.0
77835,30.19439,-96.59257,Burton,TX,3589.0,12.5
77836,30.53798,-96.67813,Caldwell,TX,11584.0,10.4
77837,31.00704,-96.67718,Calvert,TX,1580.0,5.2
77840,30.6115,-96.32332,College Station,TX,50047.0,1939.1
77843,30.61527,-96.34027,College Station,TX,7965.0,8328.4
77845,30.56212,-96.27607,College Station,TX,72886.0,197.4
77852,30.42833,-96.7573,Deanville,TX,0.0,0.0
77853,30.3623,-96.84035,Dime Box,TX,1091.0,7.3
77855,31.14741,-96.11217,Flynn,TX,34.0,1.0
77856,31.07714,-96.41499,Franklin,TX,4526.0,4.7
77857,30.78246,-96.73927,Gause,TX,903.0,3.6
77859,30.88012,-96.51707,Hearne,TX,7368.0,18.1
77861,30.72477,-96.09908,Iola,TX,2171.0,7.3
77863,30.39306,-96.55946,Lyons,TX,359.0,176.1
77864,30.96087,-95.89297,Madisonville,TX,7158.0,15.5
77865,31.22275,-96.22553,Marquez,TX,2274.0,5.6
77866,30.49356,-96.21034,Millican,TX,0.0,0.0
77867,30.74163,-96.56992,Mumford,TX,302.0,4.8
77868,30.36954,-96.05815,Navasota,TX,18302.0,25.4
77871,31.05129,-96.10903,Normangee,TX,2757.0,5.2
77872,30.88539,-96.0971,North Zulch,TX,2416.0,9.9
77873,30.57489,-95.79934,Richards,TX,1270.0,5.4
77875,30.58119,-95.94675,Roans Prairie,TX,12.0,3.1
77876,30.60369,-95.85656,Shiro,TX,167.0,13.2
77878,30.47222,-96.45089,Snook,TX,564.0,9.6
77879,30.40078,-96.49378,Somerville,TX,5162.0,10.4
77880,30.28283,-96.1863,Washington,TX,1816.0,7.2
77882,30.91139,-96.37909,Wheelock,TX,36.0,6.6
77901,28.80629,-96.98553,Victoria,TX,40742.0,869.0
77904,28.91788,-97.0311,Victoria,TX,29064.0,102.1
77905,28.72789,-97.0508,Victoria,TX,16570.0,14.9
77950,28.26427,-96.89666,Austwell,TX,132.0,0.4
77951,28.63476,-96.91183,Bloomington,TX,1361.0,22.0
77954,29.0966,-97.29533,Cuero,TX,10801.0,11.0
77957,29.03022,-96.70606,Edna,TX,8710.0,9.4
77960,28.65306,-97.2461,Fannin,TX,37.0,0.7
77961,28.85684,-96.35947,Francitas,TX,165.0,1.7
77962,29.03253,-96.5023,Ganado,TX,3262.0,6.6
77963,28.65589,-97.40093,Goliad,TX,5188.0,3.5
77964,29.38023,-96.84301,Hallettsville,TX,7850.0,5.1
77968,28.90619,-96.84952,Inez,TX,3057.0,6.1
77969,28.77579,-96.64719,La Salle,TX,157.0,1.7
77970,28.84533,-96.43153,La Ward,TX,377.0,3.2
77971,28.83063,-96.52176,Lolita,TX,1137.0,7.1
77973,28.54094,-96.95512,Mcfaddin,TX,30.0,0.3
77974,28.89295,-97.29275,Meyersville,TX,562.0,7.6
77975,29.56843,-97.08818,Moulton,TX,1540.0,8.3
77976,28.94057,-97.1342,Nursery,TX,41.0,1.3
77977,28.68082,-96.80183,Placedo,TX,467.0,13.0
77978,28.69152,-96.5991,Point Comfort,TX,495.0,112.6
77979,28.60248,-96.6017,Port Lavaca,TX,16577.0,18.8
77982,28.44903,-96.48657,Port O'Connor,TX,1084.0,9.8
77983,28.39874,-96.64049,Seadrift,TX,2251.0,10.1
77984,29.45373,-97.18849,Shiner,TX,4134.0,10.0
77986,29.47661,-96.79607,Sublime,TX,18.0,64.4
77987,29.34569,-97.08019,Sweet Home,TX,230.0,24.2
77988,28.84701,-96.87547,Telferner,TX,100.0,14.5
77990,28.48098,-96.93438,Tivoli,TX,913.0,2.6
77991,28.7866,-96.59467,Vanderbilt,TX,492.0,17.9
77993,28.85158,-97.433,Weesatche,TX,233.0,4.9
77994,29.17977,-97.46563,Westhoff,TX,376.0,2.5
77995,29.20384,-97.08814,Yoakum,TX,11065.0,11.4
78001,28.25327,-99.22731,Artesia Wells,TX,0.0,0.0
78002,29.28305,-98.73652,Atascosa,TX,8776.0,84.7
78003,29.71092,-99.09823,Bandera,TX,9325.0,15.9
78004,29.85767,-98.53773,Bergheim,TX,391.0,13.3
78005,28.92848,-98.84668,Bigfoot,TX,1942.0,5.0
78006,29.86869,-98.71368,Boerne,TX,39830.0,44.5
78007,28.48212,-98.40373,Calliham,TX,204.0,2.8
78008,28.72478,-98.25911,Campbellton,TX,284.0,1.0
78009,29.36251,-98.88442,Castroville,TX,7901.0,43.3
78010,29.91122,-99.04698,Center Point,TX,3948.0,21.1
78011,28.80267,-98.73441,Charlotte,TX,1639.0,3.5
78012,28.75792,-98.45578,Christine,TX,250.0,3.8
78013,29.97798,-98.90647,Comfort,TX,5333.0,9.1
78014,28.39837,-99.10946,Cotulla,TX,5230.0,2.3
78015,29.7439,-98.64785,Boerne,TX,20928.0,311.8
78016,29.18499,-98.95692,Devine,TX,10156.0,24.8
78017,28.72456,-99.20455,Dilley,TX,5340.0,5.1
78019,28.02401,-99.28461,Encinal,TX,1802.0,0.9
78021,28.4318,-98.83489,Fowlerton,TX,66.0,0.1
78022,28.24222,-98.16421,George West,TX,4636.0,3.8
78023,29.61549,-98.75443,Helotes,TX,28750.0,123.6
78024,29.9964,-99.48622,Hunt,TX,1222.0,1.9
78025,30.07971,-99.28562,Ingram,TX,5217.0,37.3
78026,28.75573,-98.54754,Jourdanton,TX,6634.0,7.2
78027,29.98193,-98.53868,Kendalia,TX,445.0,2.4
78028,30.04115,-99.16276,Kerrville,TX,40081.0,58.8
78029,29.90078,-99.1898,Kerrville,TX,0.0,0.0
78039,29.31324,-98.82528,La Coste,TX,2730.0,50.8
78040,27.51349,-99.50232,Laredo,TX,37136.0,2274.1
78041,27.55489,-99.46889,Laredo,TX,46751.0,1036.3
78043,27.54037,-99.27447,Laredo,TX,45703.0,99.6
78044,27.75613,-99.22748,Laredo,TX,350.0,1.8
78045,27.83197,-99.65963,Laredo,TX,67730.0,39.4
78046,27.38371,-99.36803,Laredo,TX,68418.0,144.1
78050,29.08924,-98.50258,Leming,TX,471.0,32.2
78052,29.20582,-98.77427,Lytle,TX,6000.0,60.3
78055,29.8184,-99.31923,Medina,TX,1899.0,3.1
78056,29.53896,-98.94184,Mico,TX,2250.0,8.4
78057,29.03924,-99.02185,Moore,TX,560.0,1.4
78058,30.13188,-99.59042,Mountain Home,TX,827.0,0.7
78059,29.19236,-98.84143,Natalia,TX,5699.0,54.3
78061,28.90162,-99.13104,Pearsall,TX,10781.0,8.2
78062,28.74599,-98.19711,Peggy,TX,0.0,0.0
78063,29.68793,-98.91424,Pipe Creek,TX,9282.0,30.0
78064,28.9206,-98.4249,Pleasanton,TX,16049.0,22.0
78065,29.08152,-98.64437,Poteet,TX,10824.0,24.0
78066,29.49065,-98.89042,Rio Medina,TX,582.0,10.1
78067,27.11312,-99.32793,San Ygnacio,TX,679.0,1.4
78069,29.18973,-98.68045,Somerset,TX,6542.0,88.7
78070,29.89291,-98.40732,Spring Branch,TX,17300.0,50.1
78071,28.47756,-98.19733,Three Rivers,TX,3730.0,4.6
78072,28.32631,-98.58357,Tilden,TX,488.0,0.2
78073,29.24569,-98.6213,Von Ormy,TX,10297.0,74.4
78074,29.94234,-98.79214,Waring,TX,83.0,8.4
78075,28.58862,-98.26823,Whitsett,TX,199.0,1.1
78076,26.93149,-99.13382,Zapata,TX,13224.0,9.2
78101,29.34444,-98.23316,Adkins,TX,9082.0,66.3
78102,28.4094,-97.71733,Beeville,TX,27271.0,20.0
78104,28.52361,-97.76197,Beeville,TX,96.0,10.8
78107,28.57827,-97.59484,Berclair,TX,397.0,0.9
78108,29.57354,-98.22068,Cibolo,TX,44734.0,611.7
78109,29.47977,-98.29295,Converse,TX,48745.0,676.2
78111,29.03696,-97.74074,Ecleto,TX,0.0,0.0
78112,29.21353,-98.37266,Elmendorf,TX,10087.0,75.8
78113,28.94563,-98.13611,Falls City,TX,2759.0,3.6
78114,29.12124,-98.19708,Floresville,TX,22948.0,25.4
78116,29.11275,-97.75677,Gillett,TX,234.0,0.8
78117,28.95092,-97.95736,Hobson,TX,676.0,3.7
78118,28.87574,-97.94729,Karnes City,TX,4280.0,8.6
78119,28.71739,-97.91187,Kenedy,TX,7068.0,8.3
78121,29.35118,-98.10241,La Vernia,TX,13730.0,51.7
78122,29.44512,-97.72212,Leesville,TX,250.0,2.5
78123,29.60056,-98.04236,McQueeney,TX,2528.0,261.3
78124,29.5585,-98.15176,Marion,TX,7286.0,49.4
78125,28.53184,-97.96656,Mineral,TX,17.0,0.3
78130,29.69224,-98.06877,New Braunfels,TX,84510.0,358.4
78132,29.76299,-98.19,New Braunfels,TX,36475.0,78.5
78133,29.88119,-98.24624,Canyon Lake,TX,20835.0,106.5
78140,29.30758,-97.7619,Nixon,TX,3601.0,7.9
78141,28.90484,-97.62365,Nordheim,TX,853.0,4.3
78142,28.53632,-97.81297,Normanna,TX,99.0,6.4
78143,29.26267,-97.86085,Pandora,TX,219.0,49.0
78144,28.95506,-97.88795,Panna Maria,TX,18.0,3.1
78145,28.64539,-97.99248,Pawnee,TX,85.0,10.1
78146,28.6038,-97.83989,Pettus,TX,797.0,7.6
78147,29.07375,-98.08017,Poth,TX,1691.0,187.8
78148,29.54331,-98.29609,Universal City,TX,22580.0,904.3
78150,29.5381,-98.2815,Jbsa Randolph,TX,0.0,0.0
78151,28.86788,-97.70986,Runge,TX,1495.0,5.4
78152,29.43046,-98.20171,Saint Hedwig,TX,2380.0,25.5
78154,29.54774,-98.26574,Schertz,TX,39718.0,466.7
78155,29.53305,-97.93832,Seguin,TX,51656.0,56.1
78159,29.23031,-97.58247,Smiley,TX,860.0,2.5
78160,29.24182,-97.9285,Stockdale,TX,5246.0,11.2
78161,29.28741,-98.05012,Sutherland Springs,TX,621.0,22.3
78162,28.57816,-97.79447,Tuleta,TX,341.0,8.2
78163,29.7663,-98.44514,Bulverde,TX,14531.0,75.1
78164,28.9792,-97.5188,Yorktown,TX,3592.0,5.5
78201,29.46901,-98.52861,San Antonio,TX,45767.0,2478.7
78202,29.42821,-98.46078,San Antonio,TX,10390.0,1739.2
78203,29.41513,-98.4593,San Antonio,TX,6034.0,1704.7
78204,29.40327,-98.50368,San Antonio,TX,11832.0,1685.1
78205,29.42364,-98.48647,San Antonio,TX,1521.0,500.6
78207,29.42223,-98.52545,San Antonio,TX,51062.0,2700.6
78208,29.4399,-98.45823,San Antonio,TX,4175.0,1649.9
78209,29.48899,-98.45675,San Antonio,TX,42474.0,1612.4
78210,29.39597,-98.46433,San Antonio,TX,34005.0,1791.2
78211,29.34644,-98.56327,San Antonio,TX,30556.0,1154.8
78212,29.46447,-98.49222,San Antonio,TX,27020.0,1506.5
78213,29.51745,-98.52358,San Antonio,TX,42767.0,2055.5
78214,29.34944,-98.47971,San Antonio,TX,23077.0,1070.1
78215,29.4404,-98.48031,San Antonio,TX,3151.0,1145.1
78216,29.53641,-98.48999,San Antonio,TX,43073.0,1182.0
78217,29.54073,-98.42097,San Antonio,TX,33130.0,1260.5
78218,29.49354,-98.39948,San Antonio,TX,36334.0,1255.3
78219,29.44137,-98.38459,San Antonio,TX,16304.0,400.4
78220,29.41308,-98.40152,San Antonio,TX,15808.0,790.5
78221,29.28097,-98.47529,San Antonio,TX,41964.0,446.2
78222,29.3679,-98.38334,San Antonio,TX,23652.0,479.2
78223,29.31102,-98.38675,San Antonio,TX,54438.0,513.8
78224,29.30831,-98.53751,San Antonio,TX,20306.0,514.1
78225,29.38795,-98.52586,San Antonio,TX,14115.0,2826.2
78226,29.38442,-98.56885,San Antonio,TX,7109.0,386.6
78227,29.39654,-98.64019,San Antonio,TX,46350.0,937.8
78228,29.46072,-98.57201,San Antonio,TX,56781.0,2010.4
78229,29.5056,-98.57261,San Antonio,TX,34633.0,2312.9
78230,29.5455,-98.55571,San Antonio,TX,42892.0,1578.2
78231,29.57978,-98.54504,San Antonio,TX,10109.0,954.6
78232,29.58792,-98.47503,San Antonio,TX,36825.0,1196.1
78233,29.55483,-98.36323,San Antonio,TX,46281.0,1307.1
78234,29.46108,-98.43715,Jbsa Ft Sam Houston,TX,4655.0,353.3
78235,29.34244,-98.43934,San Antonio,TX,2362.0,478.7
78236,29.3859,-98.62256,Jbsa Lackland,TX,8521.0,669.2
78237,29.42079,-98.56832,San Antonio,TX,38772.0,2101.1
78238,29.47088,-98.61925,San Antonio,TX,25737.0,978.4
78239,29.51664,-98.3625,San Antonio,TX,30482.0,1842.3
78240,29.5244,-98.60813,San Antonio,TX,56810.0,1963.3
78242,29.35067,-98.60751,San Antonio,TX,34084.0,1662.7
78243,29.37213,-98.59349,San Antonio,TX,383.0,230.2
78244,29.47702,-98.35075,San Antonio,TX,36233.0,1853.7
78245,29.40106,-98.73549,San Antonio,TX,90956.0,996.3
78247,29.58005,-98.41196,San Antonio,TX,50588.0,1341.2
78248,29.59022,-98.52553,San Antonio,TX,13840.0,1386.6
78249,29.56752,-98.614,San Antonio,TX,59035.0,1573.8
78250,29.50341,-98.66668,San Antonio,TX,60101.0,2463.8
78251,29.46292,-98.67763,San Antonio,TX,61970.0,1596.9
78252,29.34167,-98.69682,San Antonio,TX,14832.0,203.7
78253,29.46899,-98.78885,San Antonio,TX,59752.0,430.2
78254,29.53011,-98.72805,San Antonio,TX,74490.0,1422.1
78255,29.64814,-98.66405,San Antonio,TX,17545.0,377.5
78256,29.62272,-98.6262,San Antonio,TX,11554.0,558.3
78257,29.64373,-98.57713,San Antonio,TX,9201.0,124.7
78258,29.63574,-98.49282,San Antonio,TX,47072.0,1044.1
78259,29.62512,-98.42031,San Antonio,TX,25691.0,639.0
78260,29.69737,-98.49212,San Antonio,TX,34038.0,526.5
78261,29.69189,-98.40072,San Antonio,TX,23992.0,318.0
78263,29.35084,-98.31219,San Antonio,TX,4806.0,48.6
78264,29.19868,-98.50534,San Antonio,TX,12899.0,70.5
78266,29.65611,-98.3295,San Antonio,TX,6962.0,67.7
78330,27.7656,-97.91378,Agua Dulce,TX,597.0,10.6
78332,27.71671,-98.13208,Alice,TX,27274.0,21.6
78336,27.94356,-97.1862,Aransas Pass,TX,12365.0,79.6
78338,26.86821,-97.73585,Armstrong,TX,0.0,0.0
78339,27.80036,-97.7912,Banquete,TX,348.0,93.8
78340,28.12472,-97.20982,Bayside,TX,383.0,7.1
78341,27.57551,-98.46636,Benavides,TX,1365.0,2.2
78342,27.66012,-98.07572,Ben Bolt,TX,226.0,49.6
78343,27.62163,-97.77216,Bishop,TX,4594.0,12.4
78344,27.56303,-98.85966,Bruni,TX,415.0,1.1
78347,27.57337,-97.48642,Chapman Ranch,TX,24.0,2.6
78349,27.37501,-98.29983,Concepcion,TX,768.0,2.4
78351,27.66779,-97.75258,Driscoll,TX,705.0,288.7
78352,27.98154,-97.68978,Edroy,TX,290.0,27.0
78353,26.88621,-98.23927,Encino,TX,320.0,0.5
78355,27.18855,-98.20304,Falfurrias,TX,7102.0,7.8
78357,27.93286,-98.5629,Freer,TX,2819.0,4.0
78358,28.06841,-97.04325,Fulton,TX,987.0,460.8
78359,27.93021,-97.30056,Gregory,TX,2231.0,89.9
78360,26.8605,-98.83204,Guerra,TX,0.0,0.0
78361,27.08457,-98.73973,Hebbronville,TX,4864.0,2.1
78362,27.86668,-97.20167,Ingleside,TX,10789.0,227.9
78363,27.43836,-97.85532,Kingsville,TX,29415.0,74.7
78368,28.11299,-97.81201,Mathis,TX,8586.0,16.1
78369,27.42418,-99.08229,Mirando City,TX,189.0,1.1
78370,27.94238,-97.6033,Odem,TX,4857.0,17.0
78371,27.5493,-99.04716,Oilton,TX,108.0,0.5
78372,27.9979,-98.09669,Orange Grove,TX,5261.0,8.3
78373,27.78075,-97.11737,Port Aransas,TX,3271.0,67.0
78374,27.88849,-97.29366,Portland,TX,19737.0,410.6
78375,27.38282,-98.16351,Premont,TX,3015.0,13.2
78376,27.37163,-98.47721,Realitos,TX,273.0,0.7
78377,28.3418,-97.18051,Refugio,TX,3272.0,2.6
78379,27.30211,-97.79361,Riviera,TX,1578.0,8.0
78380,27.77872,-97.7363,Robstown,TX,24014.0,27.1
78382,28.11489,-97.06342,Rockport,TX,18702.0,90.4
78383,28.07713,-97.94425,Sandia,TX,5057.0,13.8
78384,27.73068,-98.4707,San Diego,TX,5264.0,3.4
78385,27.1276,-97.8369,Sarita,TX,169.0,0.2
78387,28.08224,-97.55255,Sinton,TX,9791.0,22.0
78389,28.244,-97.66619,Skidmore,TX,1888.0,5.9
78390,28.00198,-97.35631,Taft,TX,5737.0,11.0
78391,28.18297,-97.72743,Tynan,TX,156.0,2.8
78393,28.18097,-97.35427,Woodsboro,TX,2194.0,6.7
78401,27.79734,-97.40118,Corpus Christi,TX,4660.0,836.3
78402,27.82413,-97.4091,Corpus Christi,TX,233.0,21.3
78404,27.76798,-97.39946,Corpus Christi,TX,15650.0,1878.5
78405,27.77404,-97.43872,Corpus Christi,TX,14194.0,1076.1
78406,27.77197,-97.51543,Corpus Christi,TX,2328.0,79.8
78407,27.80762,-97.44772,Corpus Christi,TX,2033.0,327.4
78408,27.80081,-97.44339,Corpus Christi,TX,10294.0,678.2
78409,27.81729,-97.51458,Corpus Christi,TX,2312.0,48.4
78410,27.83798,-97.59388,Corpus Christi,TX,27623.0,474.4
78411,27.7293,-97.38504,Corpus Christi,TX,24194.0,1522.9
78412,27.70364,-97.34264,Corpus Christi,TX,41071.0,1836.0
78413,27.68345,-97.40409,Corpus Christi,TX,36989.0,1812.4
78414,27.65992,-97.369,Corpus Christi,TX,46133.0,1251.4
78415,27.65437,-97.48712,Corpus Christi,TX,41583.0,147.1
78416,27.74933,-97.43759,Corpus Christi,TX,15030.0,1748.0
78417,27.73753,-97.46771,Corpus Christi,TX,4400.0,182.3
78418,27.52732,-97.29313,Corpus Christi,TX,30015.0,158.0
78419,27.69689,-97.26881,Corpus Christi,TX,544.0,289.1
78501,26.21599,-98.2391,Mcallen,TX,60855.0,1512.0
78503,26.16229,-98.25132,Mcallen,TX,20444.0,410.9
78504,26.27758,-98.23728,Mcallen,TX,60740.0,1196.9
78516,26.14256,-98.11977,Alamo,TX,33963.0,346.7
78520,25.96564,-97.55103,Brownsville,TX,60592.0,588.8
78521,25.95109,-97.32078,Brownsville,TX,88791.0,365.7
78526,25.99587,-97.44991,Brownsville,TX,58713.0,478.2
78535,26.24948,-97.73124,Combes,TX,713.0,659.9
78536,26.6432,-98.44369,Delmita,TX,353.0,3.1
78537,26.17322,-98.05744,Donna,TX,51216.0,343.4
78538,26.36812,-97.97152,Edcouch,TX,10557.0,60.8
78539,26.28,-98.18311,Edinburg,TX,36531.0,1152.4
78540,26.54911,-97.99164,Edinburg,TX,0.0,0.0
78541,26.4528,-98.28632,Edinburg,TX,45675.0,60.8
78542,26.44412,-98.09163,Edinburg,TX,84606.0,185.7
78543,26.30117,-98.00508,Elsa,TX,8421.0,511.5
78545,26.591,-99.13889,Falcon Heights,TX,407.0,7.2
78547,26.30868,-98.69723,Garciasville,TX,257.0,52.8
78548,26.27654,-98.65527,Grulla,TX,1412.0,72.9
78549,26.48528,-98.02329,Hargill,TX,1109.0,16.6
78550,26.25469,-97.66406,Harlingen,TX,54486.0,223.4
78552,26.19664,-97.75083,Harlingen,TX,41382.0,332.6
78557,26.10844,-98.25118,Hidalgo,TX,13939.0,324.3
78558,26.29276,-98.02366,La Blanca,TX,430.0,215.4
78559,26.14549,-97.82765,La Feria,TX,12819.0,136.3
78560,26.25545,-98.49515,La Joya,TX,4417.0,119.8
78561,26.4687,-97.91595,Lasara,TX,694.0,253.4
78562,26.28809,-97.89293,La Villa,TX,2950.0,53.0
78563,26.66557,-98.2517,Linn,TX,102.0,0.2
78564,26.67801,-99.13171,Lopeno,TX,42.0,0.8
78565,26.24453,-98.561,Los Ebanos,TX,61.0,7.4
78566,26.13543,-97.42184,Los Fresnos,TX,24551.0,68.2
78567,26.04607,-97.73866,Los Indios,TX,318.0,88.2
78569,26.37417,-97.73851,Lyford,TX,4370.0,11.0
78570,26.17149,-97.9112,Mercedes,TX,33221.0,170.6
78572,26.19848,-98.35633,Mission,TX,76645.0,551.4
78573,26.29745,-98.30242,Mission,TX,42523.0,447.6
78574,26.31118,-98.37293,Mission,TX,63660.0,473.9
78575,26.03234,-97.55083,Olmito,TX,5077.0,235.4
78576,26.32584,-98.46799,Penitas,TX,12748.0,84.6
78577,26.1665,-98.19082,Pharr,TX,79128.0,1175.0
78578,26.05336,-97.31004,Port Isabel,TX,10551.0,71.5
78579,26.0892,-97.94627,Progreso,TX,3176.0,215.3
78580,26.50065,-97.75087,Raymondville,TX,13429.0,20.2
78582,26.53937,-98.73985,Rio Grande City,TX,44583.0,30.5
78583,26.28166,-97.4686,Rio Hondo,TX,5952.0,24.7
78584,26.56226,-98.98471,Roma,TX,18128.0,32.9
78585,26.4856,-99.07737,Salineno,TX,0.0,0.0
78586,26.10715,-97.64576,San Benito,TX,48726.0,123.4
78588,26.73966,-98.39852,San Isidro,TX,121.0,1.3
78589,26.15349,-98.15979,San Juan,TX,39881.0,604.1
78590,26.50401,-97.63486,San Perlita,TX,622.0,239.8
78591,26.65351,-98.53408,Santa Elena,TX,274.0,0.6
78592,26.06516,-97.8461,Santa Maria,TX,618.0,69.0
78593,26.26999,-97.82187,Santa Rosa,TX,4857.0,48.9
78594,26.34704,-97.8037,Sebastian,TX,1446.0,176.2
78595,26.31457,-98.54038,Sullivan City,TX,7272.0,92.0
78596,26.10668,-97.99856,Weslaco,TX,36852.0,354.8
78597,26.2474,-97.19688,South Padre Island,TX,2138.0,93.4
78598,26.52363,-97.42327,Port Mansfield,TX,132.0,8.0
78599,26.2181,-97.99087,Weslaco,TX,34580.0,503.4
78602,30.12735,-97.32801,Bastrop,TX,32646.0,64.5
78605,30.77366,-98.04663,Bertram,TX,6955.0,15.6
78606,30.09213,-98.45789,Blanco,TX,6890.0,11.0
78607,30.81961,-98.488,Bluffton,TX,186.0,3.2
78608,30.9341,-97.93255,Briggs,TX,325.0,2.8
78609,30.75975,-98.45271,Buchanan Dam,TX,1966.0,47.8
78610,30.07962,-97.84047,Buda,TX,41681.0,166.1
78611,30.79188,-98.26663,Burnet,TX,12938.0,18.2
78612,30.09301,-97.49017,Cedar Creek,TX,20508.0,79.9
78613,30.50683,-97.81939,Cedar Park,TX,86066.0,1199.9
78614,29.41314,-97.59429,Cost,TX,426.0,3.0
78615,30.46426,-97.39061,Coupland,TX,1674.0,11.9
78616,29.92687,-97.55655,Dale,TX,8551.0,27.9
78617,30.1508,-97.59928,Del Valle,TX,28690.0,173.0
78618,30.48624,-99.16794,Doss,TX,264.0,0.6
78619,30.11215,-98.03101,Driftwood,TX,6274.0,60.7
78620,30.22214,-98.13491,Dripping Springs,TX,18564.0,40.8
78621,30.33737,-97.36053,Elgin,TX,24919.0,54.1
78622,29.77225,-97.78229,Fentress,TX,326.0,31.0
78623,29.95973,-98.21933,Fischer,TX,1132.0,19.5
78624,30.29227,-98.87141,Fredericksburg,TX,23084.0,12.0
78626,30.66664,-97.59878,Georgetown,TX,37235.0,162.3
78628,30.63981,-97.74636,Georgetown,TX,39391.0,235.0
78629,29.47762,-97.45093,Gonzales,TX,12011.0,11.0
78631,30.34576,-99.31161,Harper,TX,3020.0,3.9
78632,29.68866,-97.46858,Harwood,TX,1350.0,5.6
78633,30.73803,-97.75465,Georgetown,TX,26507.0,130.4
78634,30.56,-97.54404,Hutto,TX,38529.0,263.8
78635,30.20824,-98.5485,Hye,TX,205.0,4.1
78636,30.31649,-98.42376,Johnson City,TX,3338.0,3.6
78638,29.65821,-97.79595,Kingsbury,TX,1978.0,6.5
78639,30.65823,-98.45506,Kingsland,TX,7999.0,70.4
78640,29.99619,-97.82355,Kyle,TX,63902.0,275.4
78641,30.55851,-97.91473,Leander,TX,81311.0,252.4
78642,30.6946,-97.94087,Liberty Hill,TX,18347.0,63.7
78643,30.68161,-98.71281,Llano,TX,6584.0,3.6
78644,29.87111,-97.67292,Lockhart,TX,20119.0,43.2
78645,30.4502,-97.96934,Leander,TX,14360.0,170.6
78648,29.69594,-97.63827,Luling,TX,7803.0,22.7
78650,30.30536,-97.21574,McDade,TX,2539.0,15.4
78652,30.13462,-97.8606,Manchaca,TX,5014.0,172.9
78653,30.33783,-97.52006,Manor,TX,30955.0,113.5
78654,30.57112,-98.20982,Marble Falls,TX,18833.0,36.1
78655,29.82346,-97.83517,Martindale,TX,3696.0,49.8
78656,29.90275,-97.8089,Maxwell,TX,2624.0,35.6
78657,30.53328,-98.37906,Horseshoe Bay,TX,6810.0,67.8
78658,29.59339,-97.62661,Ottine,TX,72.0,3.1
78659,30.20667,-97.12624,Paige,TX,2855.0,9.4
78660,30.44361,-97.59558,Pflugerville,TX,110569.0,957.0
78661,29.72925,-97.74212,Prairie Lea,TX,336.0,31.5
78662,29.94316,-97.44231,Red Rock,TX,2552.0,14.6
78663,30.41582,-98.31144,Round Mountain,TX,696.0,2.5
78664,30.50461,-97.64583,Round Rock,TX,60152.0,1398.1
78665,30.55038,-97.63681,Round Rock,TX,59935.0,961.1
78666,29.8826,-97.97974,San Marcos,TX,83858.0,168.3
78669,30.4347,-98.13066,Spicewood,TX,10730.0,34.2
78670,29.76267,-97.84608,Staples,TX,169.0,11.6
78671,30.20409,-98.63275,Stonewall,TX,703.0,5.7
78672,30.88151,-98.49128,Tow,TX,825.0,10.7
78674,30.67213,-97.59653,Weir,TX,169.0,182.4
78675,30.4585,-98.70534,Willow City,TX,209.0,1.9
78676,30.04141,-98.15051,Wimberley,TX,15241.0,35.1
78677,29.34174,-97.59335,Wrightsboro,TX,7.0,0.2
78681,30.5355,-97.71981,Round Rock,TX,57451.0,956.6
78701,30.27022,-97.74248,Austin,TX,9560.0,2447.3
78702,30.26339,-97.7144,Austin,TX,24830.0,1915.1
78703,30.29385,-97.76554,Austin,TX,22111.0,1518.4
78704,30.24298,-97.76537,Austin,TX,49854.0,2196.2
78705,30.2947,-97.739,Austin,TX,32506.0,6063.0
78712,30.28393,-97.73294,Austin,TX,206.0,139.6
78717,30.48988,-97.75393,Austin,TX,34087.0,1008.9
78719,30.14465,-97.67148,Austin,TX,1856.0,36.2
78721,30.27127,-97.68345,Austin,TX,10728.0,1161.0
78722,30.29005,-97.71458,Austin,TX,5938.0,1691.6
78723,30.30423,-97.68578,Austin,TX,36114.0,1975.4
78724,30.29474,-97.61439,Austin,TX,25936.0,401.5
78725,30.23554,-97.60859,Austin,TX,9082.0,198.4
78726,30.42898,-97.84254,Austin,TX,13414.0,447.1
78727,30.42894,-97.71736,Austin,TX,29991.0,1490.5
78728,30.45537,-97.68948,Austin,TX,25359.0,1263.6
78729,30.45738,-97.75516,Austin,TX,30907.0,1216.1
78730,30.36322,-97.83847,Austin,TX,9455.0,242.3
78731,30.34766,-97.7687,Austin,TX,26506.0,1170.2
78732,30.3802,-97.89291,Austin,TX,19653.0,591.1
78733,30.32338,-97.87762,Austin,TX,9500.0,327.5
78734,30.38079,-97.94676,Austin,TX,21625.0,440.9
78735,30.26634,-97.86775,Austin,TX,19152.0,366.2
78736,30.24833,-97.94965,Austin,TX,9481.0,164.2
78737,30.18935,-97.96059,Austin,TX,24783.0,262.6
78738,30.30668,-97.99002,Austin,TX,26806.0,245.9
78739,30.17596,-97.89087,Austin,TX,19898.0,663.0
78741,30.23007,-97.71389,Austin,TX,46147.0,2287.5
78742,30.24375,-97.65869,Austin,TX,1099.0,71.8
78744,30.18024,-97.72888,Austin,TX,48524.0,828.9
78745,30.20743,-97.79822,Austin,TX,62277.0,1750.5
78746,30.29759,-97.81136,Austin,TX,28017.0,471.9
78747,30.12521,-97.74117,Austin,TX,20698.0,359.6
78748,30.16144,-97.8227,Austin,TX,53501.0,1461.5
78749,30.21329,-97.85732,Austin,TX,35933.0,1432.8
78750,30.41685,-97.80223,Austin,TX,29559.0,967.3
78751,30.3108,-97.72278,Austin,TX,15856.0,2534.7
78752,30.33141,-97.70364,Austin,TX,21178.0,2450.5
78753,30.38353,-97.67335,Austin,TX,58805.0,2000.9
78754,30.35633,-97.63925,Austin,TX,29690.0,757.3
78756,30.32219,-97.7402,Austin,TX,9314.0,2152.7
78757,30.35164,-97.73267,Austin,TX,25547.0,1992.2
78758,30.38768,-97.70665,Austin,TX,50717.0,2155.0
78759,30.4027,-97.76093,Austin,TX,44978.0,1218.6
78801,29.36407,-99.88476,Uvalde,TX,21435.0,9.7
78802,29.14481,-99.91983,Uvalde,TX,0.0,0.0
78827,28.42865,-99.72393,Asherton,TX,919.0,5.5
78828,29.84372,-99.99375,Barksdale,TX,97.0,0.2
78829,28.89351,-99.57401,Batesville,TX,1090.0,0.8
78830,28.53226,-99.48219,Big Wells,TX,521.0,1.3
78832,29.39512,-100.4069,Brackettville,TX,3199.0,1.2
78833,29.69785,-99.97248,Camp Wood,TX,1346.0,3.8
78834,28.54776,-99.87286,Carrizo Springs,TX,7316.0,5.5
78836,28.32336,-99.64569,Catarina,TX,84.0,0.4
78837,29.92708,-101.28057,Comstock,TX,159.0,0.1
78838,29.53476,-99.70757,Concan,TX,91.0,0.4
78839,28.71282,-99.75516,Crystal City,TX,7796.0,12.3
78840,29.74499,-100.92362,Del Rio,TX,46970.0,17.3
78841,29.8459,-101.4653,Del Rio,TX,0.0,0.0
78842,29.63677,-101.01044,Del Rio,TX,0.0,0.0
78843,29.34904,-100.79188,Laughlin Afb,TX,527.0,115.4
78850,29.27937,-99.33581,D Hanis,TX,1181.0,1.9
78851,30.22441,-101.91733,Dryden,TX,45.0,0.0
78852,28.82698,-100.31543,Eagle Pass,TX,56746.0,45.4
78860,28.38168,-100.22962,El Indio,TX,0.0,0.0
78861,29.41778,-99.15663,Hondo,TX,13272.0,10.4
78870,29.29829,-99.61255,Knippa,TX,968.0,2.8
78871,29.90185,-101.62018,Langtry,TX,25.0,0.0
78872,28.90751,-99.88039,La Pryor,TX,1014.0,2.3
78873,29.80966,-99.73953,Leakey,TX,1324.0,1.6
78877,28.9533,-100.60429,Quemado,TX,1023.0,8.3
78879,29.6435,-99.71733,Rio Frio,TX,271.0,4.8
78880,29.96486,-100.27779,Rocksprings,TX,1159.0,0.2
78881,29.39333,-99.50972,Sabinal,TX,1549.0,2.3
78883,29.67707,-99.31851,Tarpley,TX,308.0,1.8
78884,29.63823,-99.49308,Utopia,TX,1233.0,2.4
78885,29.82682,-99.54502,Vanderpool,TX,101.0,0.5
78886,29.15453,-99.18749,Yancey,TX,534.0,2.8
78931,30.03117,-96.44291,Bleiblerville,TX,184.0,5.2
78932,30.1656,-96.70793,Carmine,TX,529.0,3.5
78933,29.77209,-96.33829,Cat Spring,TX,1357.0,4.0
78934,29.7023,-96.56741,Columbus,TX,6626.0,11.6
78935,29.68797,-96.43006,Alleyton,TX,753.0,4.6
78938,29.82757,-96.7041,Ellinger,TX,193.0,9.5
78940,29.93139,-96.66701,Fayetteville,TX,2164.0,6.4
78941,29.74201,-97.1561,Flatonia,TX,3076.0,7.3
78942,30.16803,-96.93153,Giddings,TX,9627.0,18.3
78943,29.69721,-96.59538,Glidden,TX,415.0,228.5
78944,30.00401,-96.48945,Industry,TX,751.0,19.1
78945,29.91594,-96.89031,La Grange,TX,10570.0,16.4
78946,30.18947,-96.77412,Ledbetter,TX,955.0,3.5
78947,30.42378,-97.04183,Lexington,TX,4589.0,8.6
78948,30.30748,-96.97022,Lincoln,TX,735.0,4.4
78949,29.83681,-97.08062,Muldoon,TX,604.0,2.9
78950,29.90735,-96.48518,New Ulm,TX,2166.0,7.3
78951,29.61361,-96.83746,Oakland,TX,0.0,0.0
78953,29.85552,-97.35214,Rosanky,TX,930.0,3.1
78954,30.04507,-96.69774,Round Top,TX,1245.0,6.5
78956,29.68322,-96.93454,Schulenburg,TX,5436.0,12.4
78957,30.01279,-97.17481,Smithville,TX,9685.0,21.1
78959,29.69877,-97.30153,Waelder,TX,1584.0,4.2
78962,29.66951,-96.73815,Weimar,TX,4801.0,10.8
78963,29.92586,-97.02767,West Point,TX,750.0,6.8
79001,35.2824,-102.8023,Adrian,TX,162.0,0.1
79002,35.19819,-100.76956,Alanreed,TX,50.0,3.0
79003,35.63873,-100.0881,Allison,TX,241.0,1.9
79005,36.3874,-100.50627,Booker,TX,1671.0,3.2
79007,35.66635,-101.41444,Borger,TX,13915.0,120.9
79008,35.69845,-101.42383,Borger,TX,0.0,0.0
79009,34.53016,-102.88533,Bovina,TX,1825.0,5.8
79010,35.45283,-102.12013,Boys Ranch,TX,693.0,1.8
79011,35.63111,-100.20866,Briscoe,TX,200.0,0.6
79012,35.11701,-102.1072,Bushland,TX,0.0,0.0
79013,36.04183,-101.99335,Cactus,TX,3043.0,250.1
79014,35.91912,-100.32123,Canadian,TX,3285.0,1.4
79015,34.95259,-101.89925,Canyon,TX,22493.0,26.4
79016,34.98338,-101.9148,Canyon,TX,359.0,5340.4
79018,35.69322,-102.33767,Channing,TX,361.0,0.3
79019,34.98099,-101.39288,Claude,TX,1914.0,1.3
79021,33.98366,-101.99302,Cotton Center,TX,102.0,5.3
79022,36.10004,-102.61443,Dalhart,TX,11076.0,2.2
79024,36.43877,-100.35188,Darrouzett,TX,338.0,2.5
79025,34.94943,-102.20117,Dawn,TX,12.0,0.3
79027,34.49238,-102.3378,Dimmitt,TX,4667.0,5.2
79029,35.89513,-102.02756,Dumas,TX,15875.0,20.2
79031,34.24501,-102.45225,Earth,TX,1217.0,4.6
79032,34.2878,-101.89492,Edmonson,TX,112.0,6.0
79033,36.30684,-100.97661,Farnsworth,TX,25.0,2.9
79034,36.37524,-100.16581,Follett,TX,478.0,0.6
79035,34.68301,-102.78573,Friona,TX,5434.0,3.1
79036,35.59727,-101.54826,Fritch,TX,5035.0,24.5
79039,35.25237,-101.12206,Groom,TX,762.0,1.3
79040,36.30113,-101.57841,Gruver,TX,2232.0,1.4
79041,34.0376,-101.93466,Hale Center,TX,2821.0,3.9
79042,34.74802,-101.89449,Happy,TX,1203.0,1.0
79043,34.36761,-102.1374,Hart,TX,1650.0,3.8
79044,35.87456,-102.37903,Hartley,TX,514.0,1.0
79045,34.89831,-102.51228,Hereford,TX,18634.0,6.4
79046,36.14237,-100.10709,Higgins,TX,692.0,1.5
79051,36.45421,-102.23423,Kerrick,TX,0.0,0.0
79052,34.35869,-101.76276,Kress,TX,1334.0,2.2
79053,34.40284,-102.59106,Lazbuddie,TX,27.0,0.7
79054,35.42894,-100.78086,Lefors,TX,605.0,4.1
79056,36.21724,-100.22139,Lipscomb,TX,74.0,0.7
79057,35.20638,-100.62157,Mclean,TX,1316.0,1.3
79058,35.59509,-101.94925,Masterson,TX,0.0,0.0
79059,35.79825,-100.73531,Miami,TX,562.0,0.5
79061,35.51987,-100.45706,Mobeetie,TX,281.0,0.6
79062,35.99616,-101.52733,Morse,TX,348.0,1.3
79063,34.51063,-102.115,Nazareth,TX,692.0,3.2
79064,34.17738,-102.12699,Olton,TX,2442.0,6.5
79065,35.52363,-100.90378,Pampa,TX,19538.0,14.9
79066,35.49929,-101.03423,Pampa,TX,16.0,4.3
79068,35.33633,-101.45226,Panhandle,TX,3253.0,3.1
79070,36.25346,-100.80731,Perryton,TX,9812.0,4.4
79072,34.1719,-101.745,Plainview,TX,25831.0,25.3
79073,33.95608,-101.94924,Plainview,TX,16.0,2.1
79078,35.69856,-101.55,Sanford,TX,126.0,2.2
79079,35.20719,-100.24884,Shamrock,TX,2509.0,1.6
79080,35.70341,-101.21116,Skellytown,TX,396.0,0.8
79081,36.21559,-101.21054,Spearman,TX,3276.0,1.8
79082,34.21881,-102.2862,Springlake,TX,184.0,0.7
79083,35.87359,-101.51422,Stinnett,TX,2118.0,2.4
79084,36.25502,-102.01825,Stratford,TX,1441.0,1.3
79085,34.73977,-102.50956,Summerfield,TX,0.0,0.0
79086,36.13538,-101.79255,Sunray,TX,3023.0,3.7
79087,36.32788,-102.93667,Texline,TX,732.0,1.2
79088,34.57463,-101.69315,Tulia,TX,5213.0,3.3
79091,34.87053,-102.11431,Umbarger,TX,72.0,0.5
79092,35.28133,-102.48784,Vega,TX,1339.0,1.6
79093,36.26637,-101.02997,Waka,TX,114.0,2.0
79094,34.84546,-101.52493,Wayside,TX,12.0,0.0
79095,34.88485,-100.19561,Wellington,TX,2710.0,2.6
79096,35.45133,-100.1984,Wheeler,TX,1988.0,3.0
79097,35.43104,-101.17405,White Deer,TX,1072.0,3.2
79098,35.15671,-102.21646,Wildorado,TX,389.0,0.8
79101,35.20605,-101.83946,Amarillo,TX,2335.0,564.4
79102,35.19948,-101.84661,Amarillo,TX,9898.0,1402.4
79103,35.18297,-101.7999,Amarillo,TX,10758.0,971.9
79104,35.2011,-101.79017,Amarillo,TX,6705.0,852.8
79106,35.20369,-101.89178,Amarillo,TX,27668.0,1243.6
79107,35.23119,-101.7946,Amarillo,TX,39829.0,783.5
79108,35.37511,-101.80307,Amarillo,TX,10549.0,22.2
79109,35.1665,-101.88633,Amarillo,TX,43167.0,1616.3
79110,35.14946,-101.87109,Amarillo,TX,19235.0,1365.9
79111,35.21934,-101.68957,Amarillo,TX,2046.0,70.6
79118,35.10103,-101.74863,Amarillo,TX,25963.0,62.9
79119,35.10876,-102.01968,Amarillo,TX,20387.0,79.1
79121,35.17447,-101.92922,Amarillo,TX,5388.0,1186.7
79124,35.26891,-102.02705,Amarillo,TX,10847.0,23.1
79201,34.4101,-100.33521,Childress,TX,6817.0,3.0
79220,33.7658,-100.76614,Afton,TX,184.0,0.6
79223,34.2317,-100.48085,Cee Vee,TX,81.0,1.9
79225,34.25058,-99.50831,Chillicothe,TX,880.0,2.0
79226,34.91965,-100.99229,Clarendon,TX,2677.0,1.3
79227,33.87702,-99.74893,Crowell,TX,1131.0,0.6
79229,33.67379,-100.744,Dickens,TX,281.0,0.5
79230,34.71353,-100.04878,Dodson,TX,151.0,0.8
79231,33.94164,-101.06579,Dougherty,TX,0.0,0.0
79233,34.50195,-100.49165,Estelline,TX,98.0,0.5
79234,34.22108,-100.95509,Flomot,TX,80.0,0.2
79235,33.94794,-101.26088,Floydada,TX,3257.0,2.5
79236,33.5992,-100.28095,Guthrie,TX,200.0,0.3
79237,34.85566,-100.66588,Hedley,TX,463.0,0.9
79239,34.64837,-100.77015,Lakeview,TX,124.0,0.3
79240,34.8836,-100.76797,Lelia Lake,TX,131.0,5.9
79241,34.18069,-101.38507,Lockney,TX,2025.0,2.1
79243,33.76426,-101.02557,Mcadoo,TX,19.0,0.1
79244,34.0383,-100.8059,Matador,TX,861.0,1.5
79245,34.68001,-100.47552,Memphis,TX,2304.0,3.1
79247,34.39704,-99.3807,Odell,TX,35.0,0.7
79248,33.94146,-100.22159,Paducah,TX,1455.0,0.7
79250,33.88134,-101.59881,Petersburg,TX,1188.0,2.8
79251,34.96174,-100.45441,Quail,TX,41.0,0.3
79252,34.31001,-99.80874,Quanah,TX,2768.0,2.0
79255,34.36113,-101.04924,Quitaque,TX,472.0,1.1
79256,33.87463,-100.82078,Roaring Springs,TX,288.0,0.5
79257,34.44868,-101.2995,Silverton,TX,820.0,0.8
79258,34.24344,-101.29647,South Plains,TX,74.0,1.5
79259,34.36243,-100.45594,Tell,TX,49.0,0.3
79261,34.45525,-100.86876,Turkey,TX,313.0,0.7
79311,33.85781,-101.88228,Abernathy,TX,3767.0,7.6
79312,34.06218,-102.36794,Amherst,TX,1235.0,4.5
79313,33.8126,-102.16093,Anton,TX,1457.0,3.9
79314,33.63016,-103.03051,Bledsoe,TX,132.0,3.5
79316,33.13478,-102.3058,Brownfield,TX,10180.0,8.4
79322,33.65887,-101.19814,Crosbyton,TX,1802.0,2.7
79323,32.94678,-102.89674,Denver City,TX,7003.0,14.1
79324,33.88759,-102.73534,Enochs,TX,36.0,0.3
79325,34.40798,-102.93821,Farwell,TX,2218.0,4.8
79326,34.09913,-102.21433,Fieldton,TX,34.0,0.6
79329,33.72503,-101.68807,Idalou,TX,3086.0,14.3
79330,33.03072,-101.21727,Justiceburg,TX,73.0,0.2
79331,32.66775,-101.97488,Lamesa,TX,11726.0,5.7
79336,33.59962,-102.40214,Levelland,TX,15785.0,12.6
79339,33.87938,-102.34682,Littlefield,TX,6694.0,7.7
79342,32.90313,-102.33188,Loop,TX,332.0,1.2
79343,33.65096,-101.54459,Lorenzo,TX,1695.0,5.1
79344,33.85677,-103.0143,Maple,TX,0.0,0.0
79345,33.33611,-102.32789,Meadow,TX,1166.0,2.5
79346,33.64805,-102.82309,Morton,TX,2062.0,1.7
79347,34.18804,-102.79682,Muleshoe,TX,6933.0,3.9
79350,33.73115,-101.82296,New Deal,TX,508.0,81.6
79351,32.93191,-101.78581,Odonnell,TX,1268.0,1.7
79353,33.78723,-102.58723,Pep,TX,24.0,0.6
79355,33.16605,-102.89485,Plains,TX,1613.0,1.5
79356,33.2562,-101.33245,Post,TX,5602.0,2.6
79357,33.64659,-101.40577,Ralls,TX,1944.0,3.1
79358,33.4321,-102.20017,Ropesville,TX,1365.0,4.2
79359,32.92872,-102.54718,Seagraves,TX,3500.0,4.0
79360,32.69018,-102.72482,Seminole,TX,16584.0,7.0
79363,33.70769,-102.03804,Shallowater,TX,5827.0,20.8
79364,33.44681,-101.6355,Slaton,TX,7638.0,14.0
79366,33.53016,-101.68367,Ransom Canyon,TX,1107.0,526.5
79367,33.58938,-102.16805,Smyer,TX,638.0,31.6
79369,33.94322,-102.15916,Spade,TX,65.0,4.0
79370,33.4638,-100.92328,Spur,TX,1236.0,0.9
79371,33.97942,-102.69414,Sudan,TX,1600.0,1.8
79372,33.42482,-102.50108,Sundown,TX,1400.0,34.6
79373,33.15905,-101.83628,Tahoka,TX,2816.0,2.2
79376,33.25506,-102.64143,Tokio,TX,95.0,0.2
79377,32.9309,-102.13653,Welch,TX,242.0,3.1
79378,33.03075,-102.44482,Wellman,TX,257.0,10.1
79379,33.49523,-102.65345,Whiteface,TX,605.0,3.2
79380,33.73913,-102.32784,Whitharral,TX,73.0,25.4
79381,33.32312,-101.76982,Wilson,TX,1425.0,4.6
79382,33.46578,-102.02282,Wolfforth,TX,9355.0,70.7
79383,33.32429,-101.90801,New Home,TX,49.0,63.1
79401,33.58683,-101.85179,Lubbock,TX,9045.0,1387.3
79402,33.58124,-101.84201,Lubbock,TX,0.0,0.0
79403,33.6433,-101.76595,Lubbock,TX,16001.0,47.0
79404,33.52651,-101.79856,Lubbock,TX,9312.0,126.0
79406,33.58336,-101.88082,Lubbock,TX,7341.0,2972.3
79407,33.56566,-102.08895,Lubbock,TX,21211.0,107.9
79410,33.56962,-101.89124,Lubbock,TX,10570.0,1689.4
79411,33.57012,-101.85773,Lubbock,TX,6623.0,1723.1
79412,33.5464,-101.85765,Lubbock,TX,15719.0,1890.6
79413,33.54576,-101.88775,Lubbock,TX,23265.0,1918.1
79414,33.54862,-101.91943,Lubbock,TX,18081.0,2201.4
79415,33.69863,-101.90497,Lubbock,TX,17048.0,97.1
79416,33.60473,-101.97658,Lubbock,TX,34864.0,418.7
79423,33.43376,-101.84751,Lubbock,TX,41950.0,252.2
79424,33.46865,-101.93881,Lubbock,TX,49721.0,461.5
79501,32.74332,-99.89332,Anson,TX,2686.0,5.1
79502,33.18305,-100.26499,Aspermont,TX,1208.0,0.9
79503,32.89003,-99.69033,Avoca,TX,128.0,0.6
79504,32.31336,-99.35271,Baird,TX,3147.0,3.2
79505,33.56323,-99.84003,Benjamin,TX,288.0,0.6
79506,32.11366,-100.32613,Blackwell,TX,544.0,1.2
79508,32.26999,-99.83032,Buffalo Gap,TX,1061.0,42.5
79510,32.26006,-99.52872,Clyde,TX,7673.0,11.6
79511,32.42982,-101.26699,Coahoma,TX,1165.0,1.7
79512,32.32614,-100.92807,Colorado City,TX,7758.0,5.0
79517,32.87754,-101.24144,Fluvanna,TX,139.0,0.3
79518,33.31644,-100.74382,Girard,TX,64.0,0.1
79519,32.04926,-99.69857,Goldsboro,TX,67.0,0.8
79520,32.87581,-100.13012,Hamlin,TX,2393.0,4.0
79521,33.12478,-99.64061,Haskell,TX,3412.0,4.0
79525,32.62745,-99.82711,Hawley,TX,2481.0,9.7
79526,32.6443,-100.75192,Hermleigh,TX,868.0,1.8
79527,32.59637,-101.09939,Ira,TX,233.0,1.5
79528,33.15936,-100.57982,Jayton,TX,584.0,0.7
79529,33.42911,-99.82915,Knox City,TX,1164.0,4.7
79530,32.09981,-99.78178,Lawn,TX,476.0,3.1
79532,32.40804,-100.71357,Loraine,TX,852.0,2.6
79533,32.84898,-99.54739,Lueders,TX,457.0,1.0
79534,32.75559,-100.22273,McCaulley,TX,161.0,0.9
79535,32.2219,-100.48421,Maryneal,TX,155.0,0.4
79536,32.47333,-100.02859,Merkel,TX,5703.0,7.4
79537,32.28033,-100.21402,Nolan,TX,55.0,0.3
79538,31.97891,-99.69177,Novice,TX,181.0,1.2
79539,33.36965,-99.89207,O'Brien,TX,230.0,1.9
79540,33.15173,-100.06289,Old Glory,TX,54.0,0.2
79541,32.15018,-99.81617,Ovalo,TX,1077.0,2.8
79543,32.71864,-100.38724,Roby,TX,1295.0,3.9
79544,33.30557,-99.86565,Rochester,TX,546.0,2.5
79545,32.41806,-100.57753,Roscoe,TX,1855.0,3.1
79546,32.8792,-100.49136,Rotan,TX,1639.0,1.6
79547,33.20478,-99.91023,Rule,TX,757.0,3.6
79548,33.06989,-99.93005,Rule,TX,135.0,0.7
79549,32.90152,-100.90407,Snyder,TX,15814.0,7.1
79553,32.93785,-99.84022,Stamford,TX,3256.0,6.8
79556,32.48451,-100.39263,Sweetwater,TX,12687.0,12.9
79560,32.67514,-100.2094,Sylvester,TX,138.0,0.7
79561,32.51974,-100.18369,Trent,TX,626.0,1.7
79562,32.24168,-99.86766,Tuscola,TX,4150.0,14.0
79563,32.42222,-99.90929,Tye,TX,1149.0,25.0
79565,32.37637,-101.08415,Westbrook,TX,349.0,2.3
79566,32.15454,-100.1098,Wingate,TX,188.0,0.6
79567,31.97678,-99.97787,Winters,TX,3112.0,3.7
79601,32.57226,-99.64921,Abilene,TX,27033.0,39.7
79602,32.33568,-99.6699,Abilene,TX,26933.0,85.5
79603,32.39904,-99.89222,Abilene,TX,23956.0,156.3
79605,32.43394,-99.78182,Abilene,TX,28611.0,1005.9
79606,32.35477,-99.83139,Abilene,TX,26810.0,148.8
79607,32.42289,-99.83904,Dyess Afb,TX,3888.0,179.1
79699,32.46221,-99.71502,Abilene,TX,121.0,777.3
79701,31.99239,-102.08105,Midland,TX,30348.0,970.7
79703,31.97998,-102.13158,Midland,TX,22257.0,1321.7
79705,32.09619,-102.0508,Midland,TX,40134.0,195.1
79706,31.83622,-101.97025,Midland,TX,31088.0,17.4
79707,32.03304,-102.21189,Midland,TX,36167.0,196.8
79713,32.49861,-101.74554,Ackerly,TX,853.0,1.7
79714,32.32947,-102.71323,Andrews,TX,18184.0,9.2
79718,30.99474,-103.73293,Balmorhea,TX,659.0,0.7
79719,31.46042,-103.4051,Barstow,TX,321.0,6.4
79720,32.20171,-101.51395,Big Spring,TX,32431.0,12.7
79721,32.22491,-101.52737,Big Spring,TX,603.0,6165.9
79730,31.19335,-103.06396,Coyanosa,TX,180.0,0.3
79731,31.4477,-102.56095,Crane,TX,4473.0,3.9
79733,32.11036,-101.36683,Forsan,TX,401.0,531.8
79734,30.68526,-103.97911,Fort Davis,TX,1918.0,0.6
79735,30.74837,-102.85518,Fort Stockton,TX,13267.0,4.1
79738,32.73625,-101.48269,Gail,TX,213.0,0.3
79739,31.75515,-101.50668,Garden City,TX,1052.0,0.9
79741,32.00833,-102.65675,Goldsmith,TX,295.0,1.3
79742,31.3605,-102.86027,Grandfalls,TX,584.0,2.6
79743,31.24911,-102.76766,Imperial,TX,253.0,1.0
79744,30.89083,-101.91305,Iraan,TX,1531.0,1.3
79745,31.85302,-103.03325,Kermit,TX,6559.0,4.6
79748,32.38784,-101.66889,Knott,TX,310.0,2.4
79749,32.25551,-101.83419,Lenorah,TX,553.0,3.8
79752,31.10993,-102.19225,McCamey,TX,2014.0,2.8
79754,31.81735,-103.49163,Mentone,TX,83.0,0.1
79755,31.51298,-101.96934,Midkiff,TX,69.0,0.1
79756,31.54626,-102.88338,Monahans,TX,9477.0,23.1
79758,32.0112,-102.33569,Gardendale,TX,2286.0,17.5
79759,31.80913,-102.69819,Notrees,TX,0.0,0.0
79761,31.85603,-102.3485,Odessa,TX,31566.0,1167.6
79762,31.92573,-102.35502,Odessa,TX,40728.0,516.3
79763,31.80766,-102.46744,Odessa,TX,35900.0,274.9
79764,31.88546,-102.47378,Odessa,TX,25871.0,183.2
79765,31.92205,-102.29878,Odessa,TX,20155.0,332.1
79766,31.71014,-102.36185,Odessa,TX,10755.0,13.6
79769,31.68212,-102.61973,Odessa,TX,0.0,0.0
79770,31.85389,-103.90585,Orla,TX,0.0,0.0
79772,31.39852,-103.5867,Pecos,TX,13843.0,5.1
79776,31.77513,-102.55573,Penwell,TX,0.0,0.0
79777,31.47772,-103.16337,Pyote,TX,152.0,0.3
79778,31.25857,-101.97359,Rankin,TX,1223.0,2.2
79780,31.03937,-103.65754,Saragosa,TX,11.0,0.3
79781,30.60111,-101.75348,Sheffield,TX,89.0,0.1
79782,32.18599,-101.88823,Stanton,TX,4782.0,4.9
79783,32.3321,-102.05007,Tarzan,TX,228.0,0.6
79785,31.32135,-103.94006,Toyah,TX,87.0,0.3
79788,31.60544,-102.98261,Wickett,TX,825.0,21.4
79789,31.75047,-103.1948,Wink,TX,1070.0,12.1
79821,31.97677,-106.59822,Anthony,TX,6645.0,228.5
79830,29.89491,-103.49925,Alpine,TX,7948.0,2.6
79832,30.36316,-103.64934,Alpine,TX,0.0,0.0
79834,29.17102,-103.28736,Big Bend National Park,TX,236.0,0.1
79835,31.93555,-106.59491,Canutillo,TX,12231.0,533.2
79836,31.56975,-106.2112,Clint,TX,8042.0,161.1
79837,32.11472,-105.22792,Dell City,TX,175.0,0.1
79838,31.49362,-106.17024,Fabens,TX,5687.0,71.2
79839,31.36476,-105.68693,Fort Hancock,TX,1174.0,1.4
79842,30.0151,-103.02301,Marathon,TX,453.0,0.2
79843,30.11987,-104.30359,Marfa,TX,2461.0,0.6
79845,29.65332,-104.39724,Presidio,TX,3824.0,8.3
79846,29.41684,-103.98559,Redford,TX,43.0,0.1
79847,31.78975,-104.99032,Salt Flat,TX,95.0,0.0
79848,30.27747,-102.26187,Sanderson,TX,934.0,0.5
79849,31.56449,-106.25275,San Elizario,TX,13183.0,373.5
79851,31.2687,-105.26255,Sierra Blanca,TX,1573.0,1.4
79852,29.36484,-103.6029,Terlingua,TX,628.0,0.5
79853,31.43559,-106.06493,Tornillo,TX,2858.0,31.7
79854,30.6109,-104.62469,Valentine,TX,103.0,0.1
79855,30.92331,-104.85583,Van Horn,TX,2134.0,1.8
79901,31.7597,-106.48049,El Paso,TX,8518.0,1494.8
79902,31.78431,-106.49768,El Paso,TX,19984.0,1181.4
79903,31.78622,-106.44194,El Paso,TX,15849.0,2006.6
79904,31.85005,-106.45417,El Paso,TX,32148.0,1038.6
79905,31.76665,-106.42523,El Paso,TX,21953.0,1290.7
79906,31.80906,-106.41954,El Paso,TX,5839.0,499.9
79907,31.7074,-106.32681,El Paso,TX,50696.0,1427.4
79908,31.82974,-106.37763,El Paso,TX,4753.0,1034.0
79911,31.9361,-106.53569,El Paso,TX,7668.0,85.8
79912,31.84839,-106.53272,El Paso,TX,78470.0,1281.1
79915,31.74593,-106.37245,El Paso,TX,36505.0,1584.3
79916,31.86268,-106.38912,Fort Bliss,TX,4526.0,144.9
79918,31.84691,-106.36936,Fort Bliss,TX,656.0,33.2
79920,31.82261,-106.46037,El Paso,TX,7.0,19.6
79922,31.81126,-106.55823,El Paso,TX,7210.0,345.5
79924,31.90224,-106.41355,El Paso,TX,59420.0,1852.9
79925,31.79851,-106.36327,El Paso,TX,38947.0,861.2
79927,31.64566,-106.27359,El Paso,TX,42140.0,592.7
79928,31.67896,-106.11511,El Paso,TX,76392.0,140.6
79930,31.81078,-106.46846,El Paso,TX,26787.0,1381.3
79932,31.87753,-106.6068,El Paso,TX,28594.0,804.6
79934,31.95206,-106.434,El Paso,TX,26916.0,175.8
79935,31.76804,-106.33029,El Paso,TX,19073.0,2124.8
79936,31.77373,-106.29631,El Paso,TX,107579.0,1603.8
79938,31.85764,-106.03895,El Paso,TX,91575.0,90.6
